onset	duration	trial_type
3.07	0.1200000000000001	{'kind': 'word', 'word': 'il'}
3.27	0.02	{'kind': 'word', 'word': 'se'}
3.47	0.25	{'kind': 'word', 'word': 'trouvait'}
3.78	0.0900000000000003	{'kind': 'word', 'word': 'dans'}
3.87	0.0699999999999998	{'kind': 'word', 'word': 'la'}
4.0	0.4699999999999997	{'kind': 'word', 'word': 'région'}
4.47	0.2300000000000004	{'kind': 'word', 'word': 'des'}
4.7	0.7199999999999998	{'kind': 'word', 'word': 'astéroïdes'}
5.42	1.17	{'kind': 'word', 'word': '325'}
6.69	1.1999999999999993	{'kind': 'word', 'word': '326'}
8.06	1.0299999999999994	{'kind': 'word', 'word': '327'}
9.27	1.2100000000000009	{'kind': 'word', 'word': '328'}
10.62	1.0900000000000016	{'kind': 'word', 'word': '329'}
11.97	0.0899999999999998	{'kind': 'word', 'word': 'et'}
12.06	1.0399999999999991	{'kind': 'word', 'word': '330'}
13.98	0.1899999999999995	{'kind': 'word', 'word': 'il'}
14.17	0.4199999999999999	{'kind': 'word', 'word': 'commença'}
14.59	0.3200000000000003	{'kind': 'word', 'word': 'donc'}
14.91	0.1699999999999999	{'kind': 'word', 'word': 'par'}
15.08	0.1500000000000003	{'kind': 'word', 'word': 'les'}
15.23	0.6099999999999994	{'kind': 'word', 'word': 'visiter'}
15.84	0.2600000000000015	{'kind': 'word', 'word': 'pour'}
16.1	0.0399999999999991	{'kind': 'word', 'word': 'y'}
16.14	0.4899999999999984	{'kind': 'word', 'word': 'chercher'}
16.63	0.1099999999999994	{'kind': 'word', 'word': 'une'}
16.74	0.7200000000000024	{'kind': 'word', 'word': 'occupation'}
17.7	0.0899999999999998	{'kind': 'word', 'word': 'et'}
17.79	0.1799999999999997	{'kind': 'word', 'word': 'pour'}
17.97	0.1000000000000014	{'kind': 'word', 'word': 's'}
18.07	0.6699999999999982	{'kind': 'word', 'word': 'instruire'}
19.64	0.1999999999999993	{'kind': 'word', 'word': 'le'}
19.84	0.4800000000000004	{'kind': 'word', 'word': 'premier'}
20.32	0.3399999999999998	{'kind': 'word', 'word': 'était'}
20.66	0.3999999999999986	{'kind': 'word', 'word': 'habité'}
21.06	0.1600000000000001	{'kind': 'word', 'word': 'par'}
21.22	0.1799999999999997	{'kind': 'word', 'word': 'un'}
21.4	0.2800000000000011	{'kind': 'word', 'word': 'roi'}
22.27	0.2100000000000008	{'kind': 'word', 'word': 'le'}
22.48	0.25	{'kind': 'word', 'word': 'roi'}
22.73	0.7199999999999989	{'kind': 'word', 'word': 'siégeait'}
23.62	0.4599999999999973	{'kind': 'word', 'word': 'habillé'}
24.08	0.1700000000000017	{'kind': 'word', 'word': 'de'}
24.25	0.379999999999999	{'kind': 'word', 'word': 'pourpre'}
24.71	0.0799999999999983	{'kind': 'word', 'word': 'et'}
24.79	0.0600000000000022	{'kind': 'word', 'word': 'd'}
24.85	0.5499999999999972	{'kind': 'word', 'word': 'hermine'}
25.64	0.25	{'kind': 'word', 'word': 'sur'}
25.89	0.1400000000000005	{'kind': 'word', 'word': 'un'}
26.03	0.379999999999999	{'kind': 'word', 'word': 'trône'}
26.41	0.3299999999999983	{'kind': 'word', 'word': 'très'}
26.74	0.5899999999999999	{'kind': 'word', 'word': 'simple'}
27.5	0.0599999999999987	{'kind': 'word', 'word': 'et'}
27.56	0.5899999999999999	{'kind': 'word', 'word': 'cependant'}
28.15	0.7700000000000031	{'kind': 'word', 'word': 'majestueux'}
30.06	0.3000000000000007	{'kind': 'word', 'word': 'ah'}
30.53	0.2099999999999973	{'kind': 'word', 'word': 'voilà'}
30.84	0.0199999999999995	{'kind': 'word', 'word': 'un'}
30.86	0.4400000000000013	{'kind': 'word', 'word': 'sujet'}
31.77	0.129999999999999	{'kind': 'word', 'word': 's'}
31.9	0.3700000000000045	{'kind': 'word', 'word': 'écria'}
32.27	0.1199999999999974	{'kind': 'word', 'word': 'le'}
32.39	0.3100000000000023	{'kind': 'word', 'word': 'roi'}
32.7	0.259999999999998	{'kind': 'word', 'word': 'quand'}
32.96	0.0799999999999983	{'kind': 'word', 'word': 'il'}
33.04	0.3999999999999986	{'kind': 'word', 'word': 'aperçut'}
33.44	0.1300000000000025	{'kind': 'word', 'word': 'le'}
33.57	0.2800000000000011	{'kind': 'word', 'word': 'petit'}
33.85	0.5499999999999972	{'kind': 'word', 'word': 'prince'}
35.14	0.0600000000000022	{'kind': 'word', 'word': 'et'}
35.2	0.1299999999999954	{'kind': 'word', 'word': 'le'}
35.33	0.2600000000000051	{'kind': 'word', 'word': 'petit'}
35.59	0.4799999999999969	{'kind': 'word', 'word': 'prince'}
36.07	0.0700000000000002	{'kind': 'word', 'word': 'se'}
36.14	0.4600000000000008	{'kind': 'word', 'word': 'demanda'}
37.23	0.4500000000000028	{'kind': 'word', 'word': 'comment'}
37.68	0.1400000000000005	{'kind': 'word', 'word': 'peut'}
37.82	0.1400000000000005	{'kind': 'word', 'word': '-il'}
37.96	0.0799999999999983	{'kind': 'word', 'word': 'me'}
38.04	0.6400000000000006	{'kind': 'word', 'word': 'reconnaître'}
38.68	0.3100000000000023	{'kind': 'word', 'word': 'puisqu'}
38.99	0.0899999999999963	{'kind': 'word', 'word': 'il'}
39.08	0.0700000000000002	{'kind': 'word', 'word': 'ne'}
39.15	0.0799999999999983	{'kind': 'word', 'word': 'm'}
39.23	0.0400000000000062	{'kind': 'word', 'word': 'a'}
39.27	0.3799999999999954	{'kind': 'word', 'word': 'encore'}
39.65	0.5500000000000043	{'kind': 'word', 'word': 'jamais'}
40.2	0.1799999999999997	{'kind': 'word', 'word': 'vu'}
41.44	0.1300000000000025	{'kind': 'word', 'word': 'il'}
41.57	0.0700000000000002	{'kind': 'word', 'word': 'ne'}
41.64	0.3900000000000005	{'kind': 'word', 'word': 'savait'}
42.03	0.1999999999999957	{'kind': 'word', 'word': 'pas'}
42.23	0.3200000000000003	{'kind': 'word', 'word': 'que'}
42.72	0.1600000000000037	{'kind': 'word', 'word': 'pour'}
42.88	0.1599999999999966	{'kind': 'word', 'word': 'les'}
43.04	0.2800000000000011	{'kind': 'word', 'word': 'rois'}
43.67	0.1899999999999977	{'kind': 'word', 'word': 'le'}
43.86	0.3599999999999994	{'kind': 'word', 'word': 'monde'}
44.22	0.1600000000000037	{'kind': 'word', 'word': 'est'}
44.38	0.3299999999999983	{'kind': 'word', 'word': 'très'}
44.71	0.7800000000000011	{'kind': 'word', 'word': 'simplifié'}
45.89	0.1599999999999966	{'kind': 'word', 'word': 'tous'}
46.05	0.2700000000000031	{'kind': 'word', 'word': 'les'}
46.32	0.1799999999999997	{'kind': 'word', 'word': 'hommes'}
46.5	0.2299999999999968	{'kind': 'word', 'word': 'sont'}
46.73	0.1200000000000045	{'kind': 'word', 'word': 'des'}
46.85	0.4699999999999988	{'kind': 'word', 'word': 'sujets'}
48.25	0.3500000000000014	{'kind': 'word', 'word': 'approche'}
48.6	0.2100000000000008	{'kind': 'word', 'word': '-toi'}
48.86	0.0300000000000011	{'kind': 'word', 'word': 'que'}
48.89	0.1499999999999985	{'kind': 'word', 'word': 'je'}
49.04	0.0700000000000002	{'kind': 'word', 'word': 'te'}
49.11	0.1899999999999977	{'kind': 'word', 'word': 'voie'}
49.3	0.3300000000000054	{'kind': 'word', 'word': 'mieux'}
49.95	0.2199999999999988	{'kind': 'word', 'word': 'lui'}
50.17	0.1400000000000005	{'kind': 'word', 'word': 'dit'}
50.31	0.1400000000000005	{'kind': 'word', 'word': 'le'}
50.45	0.3200000000000003	{'kind': 'word', 'word': 'roi'}
50.86	0.3100000000000023	{'kind': 'word', 'word': 'qui'}
51.17	0.269999999999996	{'kind': 'word', 'word': 'était'}
51.44	0.3800000000000025	{'kind': 'word', 'word': 'tout'}
51.82	0.4200000000000017	{'kind': 'word', 'word': 'fier'}
52.24	0.0599999999999951	{'kind': 'word', 'word': 'd'}
52.3	0.240000000000002	{'kind': 'word', 'word': 'être'}
52.54	0.4299999999999997	{'kind': 'word', 'word': 'enfin'}
52.97	0.3000000000000042	{'kind': 'word', 'word': 'roi'}
53.27	0.2299999999999968	{'kind': 'word', 'word': 'pour'}
53.5	0.3400000000000034	{'kind': 'word', 'word': 'quelqu'}
53.84	0.1099999999999994	{'kind': 'word', 'word': 'un'}
55.08	0.1099999999999994	{'kind': 'word', 'word': 'le'}
55.19	0.3800000000000025	{'kind': 'word', 'word': 'petit'}
55.57	0.1700000000000017	{'kind': 'word', 'word': 'prince'}
55.84	0.5899999999999963	{'kind': 'word', 'word': 'chercha'}
56.43	0.25	{'kind': 'word', 'word': 'des'}
56.68	0.1899999999999977	{'kind': 'word', 'word': 'yeux'}
56.95	0.0899999999999963	{'kind': 'word', 'word': 'où'}
57.04	0.1199999999999974	{'kind': 'word', 'word': 's'}
57.16	0.5200000000000031	{'kind': 'word', 'word': 'asseoir'}
58.01	0.1700000000000017	{'kind': 'word', 'word': 'mais'}
58.18	0.1400000000000005	{'kind': 'word', 'word': 'la'}
58.32	0.5	{'kind': 'word', 'word': 'planète'}
58.93	0.2299999999999968	{'kind': 'word', 'word': 'était'}
59.16	0.3200000000000003	{'kind': 'word', 'word': 'tout'}
59.48	0.5300000000000011	{'kind': 'word', 'word': 'encombrée'}
60.01	0.1799999999999997	{'kind': 'word', 'word': 'par'}
60.19	0.1099999999999994	{'kind': 'word', 'word': 'le'}
60.3	0.6900000000000048	{'kind': 'word', 'word': 'magnifique'}
60.99	0.3399999999999963	{'kind': 'word', 'word': 'manteau'}
61.33	0.0600000000000022	{'kind': 'word', 'word': 'd'}
61.39	0.5300000000000011	{'kind': 'word', 'word': 'hermine'}
62.9	0.1400000000000005	{'kind': 'word', 'word': 'il'}
63.04	0.3599999999999994	{'kind': 'word', 'word': 'resta'}
63.4	0.240000000000002	{'kind': 'word', 'word': 'donc'}
63.64	0.4399999999999977	{'kind': 'word', 'word': 'debout'}
64.48	0.1700000000000017	{'kind': 'word', 'word': 'et'}
64.84	0.1899999999999977	{'kind': 'word', 'word': 'comme'}
65.03	0.0999999999999943	{'kind': 'word', 'word': 'il'}
65.13	0.25	{'kind': 'word', 'word': 'était'}
65.38	0.6000000000000085	{'kind': 'word', 'word': 'fatigué'}
66.21	0.1700000000000017	{'kind': 'word', 'word': 'il'}
66.38	0.480000000000004	{'kind': 'word', 'word': 'bâilla'}
67.94	0.0499999999999971	{'kind': 'word', 'word': 'il'}
67.99	0.2000000000000028	{'kind': 'word', 'word': 'est'}
68.19	0.25	{'kind': 'word', 'word': 'contraire'}
68.44	0.2300000000000039	{'kind': 'word', 'word': 'à'}
68.71	0.0300000000000011	{'kind': 'word', 'word': 'l'}
68.74	0.4200000000000017	{'kind': 'word', 'word': 'étiquette'}
69.16	0.1099999999999994	{'kind': 'word', 'word': 'de'}
69.27	0.3400000000000034	{'kind': 'word', 'word': 'bâiller'}
69.61	0.0900000000000034	{'kind': 'word', 'word': 'en'}
69.7	0.4200000000000017	{'kind': 'word', 'word': 'présence'}
70.12	0.0300000000000011	{'kind': 'word', 'word': 'd'}
70.15	0.0899999999999892	{'kind': 'word', 'word': 'un'}
70.24	0.3500000000000085	{'kind': 'word', 'word': 'roi'}
70.81	0.1700000000000017	{'kind': 'word', 'word': 'lui'}
70.98	0.1899999999999977	{'kind': 'word', 'word': 'dit'}
71.17	0.0300000000000011	{'kind': 'word', 'word': 'le'}
71.2	0.539999999999992	{'kind': 'word', 'word': 'monarque'}
72.15	0.1699999999999875	{'kind': 'word', 'word': 'je'}
72.32	0.0600000000000022	{'kind': 'word', 'word': 'te'}
72.38	0.0799999999999983	{'kind': 'word', 'word': 'l'}
72.46	0.5800000000000125	{'kind': 'word', 'word': 'interdis'}
74.16	0.1300000000000096	{'kind': 'word', 'word': 'je'}
74.29	0.1400000000000005	{'kind': 'word', 'word': 'ne'}
74.43	0.0999999999999943	{'kind': 'word', 'word': 'peux'}
74.53	0.1400000000000005	{'kind': 'word', 'word': 'pas'}
74.67	0.0499999999999971	{'kind': 'word', 'word': 'm'}
74.72	0.0700000000000073	{'kind': 'word', 'word': 'en'}
74.83	0.5400000000000063	{'kind': 'word', 'word': 'empêcher'}
75.66	0.4099999999999966	{'kind': 'word', 'word': 'répondit'}
76.07	0.1400000000000005	{'kind': 'word', 'word': 'le'}
76.21	0.2700000000000102	{'kind': 'word', 'word': 'petit'}
76.48	0.3499999999999943	{'kind': 'word', 'word': 'prince'}
76.83	0.1400000000000005	{'kind': 'word', 'word': 'tout'}
76.97	0.4500000000000028	{'kind': 'word', 'word': 'confus'}
78.03	0.1299999999999954	{'kind': 'word', 'word': 'j'}
78.16	0.0300000000000011	{'kind': 'word', 'word': 'ai'}
78.19	0.1599999999999966	{'kind': 'word', 'word': 'fait'}
78.35	0.1400000000000005	{'kind': 'word', 'word': 'un'}
78.49	0.1200000000000045	{'kind': 'word', 'word': 'long'}
78.61	0.5499999999999972	{'kind': 'word', 'word': 'voyage'}
79.25	0.0300000000000011	{'kind': 'word', 'word': 'et'}
79.28	0.1299999999999954	{'kind': 'word', 'word': 'je'}
79.41	0.0900000000000034	{'kind': 'word', 'word': 'n'}
79.5	0.0900000000000034	{'kind': 'word', 'word': 'ai'}
79.59	0.1299999999999954	{'kind': 'word', 'word': 'pas'}
79.72	0.4200000000000017	{'kind': 'word', 'word': 'dormi'}
80.99	0.2100000000000079	{'kind': 'word', 'word': 'alors'}
81.71	0.2300000000000039	{'kind': 'word', 'word': 'lui'}
81.94	0.1299999999999954	{'kind': 'word', 'word': 'dit'}
82.07	0.1100000000000136	{'kind': 'word', 'word': 'le'}
82.18	0.25	{'kind': 'word', 'word': 'roi'}
82.85	0.1300000000000096	{'kind': 'word', 'word': 'je'}
82.98	0.0499999999999971	{'kind': 'word', 'word': 't'}
83.03	0.4299999999999926	{'kind': 'word', 'word': 'ordonne'}
83.46	0.0600000000000022	{'kind': 'word', 'word': 'de'}
83.52	0.3800000000000096	{'kind': 'word', 'word': 'bâiller'}
84.44	0.1500000000000056	{'kind': 'word', 'word': 'je'}
84.59	0.039999999999992	{'kind': 'word', 'word': 'n'}
84.63	0.2100000000000079	{'kind': 'word', 'word': 'ai'}
84.84	0.1400000000000005	{'kind': 'word', 'word': 'vu'}
84.98	0.7000000000000028	{'kind': 'word', 'word': 'personne'}
85.68	0.3299999999999983	{'kind': 'word', 'word': 'bailler'}
86.01	0.289999999999992	{'kind': 'word', 'word': 'depuis'}
86.3	0.3800000000000096	{'kind': 'word', 'word': 'des'}
86.68	0.2999999999999971	{'kind': 'word', 'word': 'années'}
87.23	0.1199999999999903	{'kind': 'word', 'word': 'les'}
87.35	0.4200000000000017	{'kind': 'word', 'word': 'bâillements'}
87.77	0.1899999999999977	{'kind': 'word', 'word': 'sont'}
87.96	0.1600000000000108	{'kind': 'word', 'word': 'pour'}
88.12	0.1499999999999914	{'kind': 'word', 'word': 'moi'}
88.27	0.0900000000000034	{'kind': 'word', 'word': 'des'}
88.36	0.769999999999996	{'kind': 'word', 'word': 'curiosités'}
89.64	0.3599999999999994	{'kind': 'word', 'word': 'allons'}
90.16	0.2000000000000028	{'kind': 'word', 'word': 'bâille'}
90.36	0.519999999999996	{'kind': 'word', 'word': 'encore'}
91.05	0.1000000000000085	{'kind': 'word', 'word': 'c'}
91.15	0.1099999999999994	{'kind': 'word', 'word': 'est'}
91.26	0.2099999999999937	{'kind': 'word', 'word': 'un'}
91.47	0.2900000000000062	{'kind': 'word', 'word': 'ordre'}
92.95	0.2000000000000028	{'kind': 'word', 'word': 'ça'}
93.2	0.039999999999992	{'kind': 'word', 'word': 'm'}
93.24	0.6500000000000057	{'kind': 'word', 'word': 'intimide'}
94.26	0.1599999999999966	{'kind': 'word', 'word': 'je'}
94.42	0.1099999999999994	{'kind': 'word', 'word': 'ne'}
94.53	0.1599999999999966	{'kind': 'word', 'word': 'peux'}
94.69	0.3100000000000023	{'kind': 'word', 'word': 'plus'}
95.59	0.2399999999999948	{'kind': 'word', 'word': 'fit'}
95.83	0.0300000000000011	{'kind': 'word', 'word': 'le'}
95.86	0.2999999999999971	{'kind': 'word', 'word': 'petit'}
96.16	0.3800000000000096	{'kind': 'word', 'word': 'prince'}
96.54	0.1899999999999977	{'kind': 'word', 'word': 'tout'}
96.73	0.6400000000000006	{'kind': 'word', 'word': 'rougissant'}
98.18	0.309999999999988	{'kind': 'word', 'word': 'hum'}
98.62	0.2399999999999948	{'kind': 'word', 'word': 'hum'}
99.45	0.4099999999999966	{'kind': 'word', 'word': 'répondit'}
99.91	0.1099999999999994	{'kind': 'word', 'word': 'le'}
100.02	0.3299999999999983	{'kind': 'word', 'word': 'roi'}
101.04	0.6299999999999955	{'kind': 'word', 'word': 'alors'}
101.67	0.3400000000000034	{'kind': 'word', 'word': 'je'}
102.37	0.1599999999999966	{'kind': 'word', 'word': 'je'}
102.53	0.0499999999999971	{'kind': 'word', 'word': 't'}
102.58	0.5	{'kind': 'word', 'word': 'ordonne'}
103.12	0.289999999999992	{'kind': 'word', 'word': 'tantôt'}
103.41	0.1200000000000045	{'kind': 'word', 'word': 'de'}
103.53	0.7800000000000011	{'kind': 'word', 'word': 'bâiller'}
104.31	0.019999999999996	{'kind': 'word', 'word': 'et'}
104.33	0.3599999999999994	{'kind': 'word', 'word': 'tantôt'}
104.69	0.5600000000000023	{'kind': 'word', 'word': 'de'}
105.91	0.1400000000000005	{'kind': 'word', 'word': 'il'}
106.05	0.5799999999999983	{'kind': 'word', 'word': 'bredouillait'}
106.63	0.1500000000000056	{'kind': 'word', 'word': 'un'}
106.82	0.1600000000000108	{'kind': 'word', 'word': 'peu'}
107.27	0.1099999999999994	{'kind': 'word', 'word': 'et'}
107.38	0.5300000000000011	{'kind': 'word', 'word': 'paraissait'}
107.91	0.5400000000000063	{'kind': 'word', 'word': 'vexé'}
109.35	0.2199999999999988	{'kind': 'word', 'word': 'car'}
109.57	0.1200000000000045	{'kind': 'word', 'word': 'le'}
109.69	0.269999999999996	{'kind': 'word', 'word': 'roi'}
109.96	0.3599999999999994	{'kind': 'word', 'word': 'tenait'}
110.32	0.7600000000000051	{'kind': 'word', 'word': 'essentiellement'}
111.22	0.1200000000000045	{'kind': 'word', 'word': 'à'}
111.34	0.1499999999999914	{'kind': 'word', 'word': 'ce'}
111.49	0.1200000000000045	{'kind': 'word', 'word': 'que'}
111.61	0.2600000000000051	{'kind': 'word', 'word': 'son'}
111.87	0.539999999999992	{'kind': 'word', 'word': 'autorité'}
112.41	0.2199999999999988	{'kind': 'word', 'word': 'fût'}
112.63	0.8900000000000006	{'kind': 'word', 'word': 'respectée'}
114.12	0.2199999999999988	{'kind': 'word', 'word': 'il'}
114.34	0.2000000000000028	{'kind': 'word', 'word': 'ne'}
114.64	0.519999999999996	{'kind': 'word', 'word': 'tolérait'}
115.16	0.2199999999999988	{'kind': 'word', 'word': 'pas'}
115.38	0.1700000000000017	{'kind': 'word', 'word': 'la'}
115.55	1.1599999999999966	{'kind': 'word', 'word': 'désobéissance'}
117.28	0.0999999999999943	{'kind': 'word', 'word': 'c'}
117.38	0.2600000000000051	{'kind': 'word', 'word': 'était'}
117.64	0.1099999999999994	{'kind': 'word', 'word': 'un'}
117.75	0.4500000000000028	{'kind': 'word', 'word': 'monarque'}
118.3	0.6099999999999994	{'kind': 'word', 'word': 'absolu'}
119.72	0.2399999999999948	{'kind': 'word', 'word': 'mais'}
119.96	0.2300000000000039	{'kind': 'word', 'word': 'comme'}
120.19	0.1299999999999954	{'kind': 'word', 'word': 'il'}
120.32	0.220000000000013	{'kind': 'word', 'word': 'était'}
120.54	0.2799999999999869	{'kind': 'word', 'word': 'très'}
120.82	0.2300000000000039	{'kind': 'word', 'word': 'bon'}
121.33	0.1899999999999977	{'kind': 'word', 'word': 'il'}
121.52	0.2400000000000091	{'kind': 'word', 'word': 'donnait'}
121.76	0.2199999999999988	{'kind': 'word', 'word': 'des'}
121.98	0.3799999999999954	{'kind': 'word', 'word': 'ordres'}
122.36	0.6599999999999966	{'kind': 'word', 'word': 'raisonnables'}
124.52	0.2400000000000091	{'kind': 'word', 'word': 'si'}
124.76	0.0300000000000011	{'kind': 'word', 'word': 'j'}
124.79	0.519999999999996	{'kind': 'word', 'word': 'ordonnais'}
125.6	0.4400000000000119	{'kind': 'word', 'word': 'disait'}
126.04	0.1999999999999886	{'kind': 'word', 'word': '-il'}
126.24	0.5900000000000034	{'kind': 'word', 'word': 'couramment'}
127.32	0.1500000000000056	{'kind': 'word', 'word': 'si'}
127.47	0.0900000000000034	{'kind': 'word', 'word': 'j'}
127.56	0.3900000000000005	{'kind': 'word', 'word': 'ordonnais'}
127.95	0.1199999999999903	{'kind': 'word', 'word': 'à'}
128.07	0.0300000000000011	{'kind': 'word', 'word': 'un'}
128.1	0.5600000000000023	{'kind': 'word', 'word': 'général'}
128.66	0.0999999999999943	{'kind': 'word', 'word': 'de'}
128.76	0.1500000000000056	{'kind': 'word', 'word': 'se'}
128.91	0.4300000000000068	{'kind': 'word', 'word': 'changer'}
129.34	0.1399999999999863	{'kind': 'word', 'word': 'en'}
129.48	0.2400000000000091	{'kind': 'word', 'word': 'oiseau'}
129.72	0.1200000000000045	{'kind': 'word', 'word': 'de'}
129.84	0.3700000000000045	{'kind': 'word', 'word': 'mer'}
130.4	0.079999999999984	{'kind': 'word', 'word': 'et'}
130.48	0.1899999999999977	{'kind': 'word', 'word': 'si'}
130.67	0.0600000000000022	{'kind': 'word', 'word': 'le'}
130.73	0.5300000000000011	{'kind': 'word', 'word': 'général'}
131.26	0.0600000000000022	{'kind': 'word', 'word': 'n'}
131.32	0.5800000000000125	{'kind': 'word', 'word': 'obéissait'}
131.9	0.1800000000000068	{'kind': 'word', 'word': 'pas'}
132.51	0.1500000000000056	{'kind': 'word', 'word': 'ce'}
132.66	0.1299999999999954	{'kind': 'word', 'word': 'ne'}
132.79	0.25	{'kind': 'word', 'word': 'serait'}
133.04	0.1200000000000045	{'kind': 'word', 'word': 'pas'}
133.16	0.0900000000000034	{'kind': 'word', 'word': 'la'}
133.25	0.1800000000000068	{'kind': 'word', 'word': 'faute'}
133.43	0.1099999999999852	{'kind': 'word', 'word': 'du'}
133.54	0.5200000000000102	{'kind': 'word', 'word': 'général'}
134.49	0.1599999999999966	{'kind': 'word', 'word': 'ce'}
134.65	0.2599999999999909	{'kind': 'word', 'word': 'serait'}
134.91	0.2299999999999897	{'kind': 'word', 'word': 'ma'}
135.14	0.4200000000000159	{'kind': 'word', 'word': 'faute'}
136.73	0.2700000000000102	{'kind': 'word', 'word': 'puis'}
137.0	0.0300000000000011	{'kind': 'word', 'word': '-je'}
137.03	0.0600000000000022	{'kind': 'word', 'word': 'm'}
137.09	0.5799999999999841	{'kind': 'word', 'word': 'asseoir'}
137.97	0.1500000000000056	{'kind': 'word', 'word': 's'}
138.12	0.3499999999999943	{'kind': 'word', 'word': 'enquit'}
138.47	0.5200000000000102	{'kind': 'word', 'word': 'timidement'}
138.99	0.1299999999999954	{'kind': 'word', 'word': 'le'}
139.12	0.2599999999999909	{'kind': 'word', 'word': 'petit'}
139.38	0.5699999999999932	{'kind': 'word', 'word': 'prince'}
140.6	0.0999999999999943	{'kind': 'word', 'word': 'je'}
140.77	0.0300000000000011	{'kind': 'word', 'word': 't'}
140.8	0.4699999999999988	{'kind': 'word', 'word': 'ordonne'}
141.27	0.0499999999999829	{'kind': 'word', 'word': 'de'}
141.32	0.0699999999999931	{'kind': 'word', 'word': 't'}
141.39	0.5900000000000034	{'kind': 'word', 'word': 'asseoir'}
142.3	0.1599999999999966	{'kind': 'word', 'word': 'lui'}
142.46	0.4799999999999897	{'kind': 'word', 'word': 'répondit'}
142.94	0.1200000000000045	{'kind': 'word', 'word': 'le'}
143.06	0.25	{'kind': 'word', 'word': 'roi'}
143.66	0.1599999999999966	{'kind': 'word', 'word': 'qui'}
143.82	0.5	{'kind': 'word', 'word': 'ramena'}
144.32	1.1400000000000148	{'kind': 'word', 'word': 'majestueusement'}
145.46	0.1999999999999886	{'kind': 'word', 'word': 'un'}
145.72	0.1699999999999875	{'kind': 'word', 'word': 'pan'}
145.89	0.1000000000000227	{'kind': 'word', 'word': 'de'}
145.99	0.2099999999999795	{'kind': 'word', 'word': 'son'}
146.2	0.3000000000000113	{'kind': 'word', 'word': 'manteau'}
146.5	0.0600000000000022	{'kind': 'word', 'word': 'd'}
146.56	0.5	{'kind': 'word', 'word': 'hermine'}
147.98	0.2800000000000011	{'kind': 'word', 'word': 'mais'}
148.26	0.0300000000000011	{'kind': 'word', 'word': 'le'}
148.29	0.3000000000000113	{'kind': 'word', 'word': 'petit'}
148.59	0.5200000000000102	{'kind': 'word', 'word': 'prince'}
149.11	0.0199999999999818	{'kind': 'word', 'word': 's'}
149.13	0.450000000000017	{'kind': 'word', 'word': 'étonnait'}
150.36	0.1699999999999875	{'kind': 'word', 'word': 'la'}
150.53	0.3799999999999954	{'kind': 'word', 'word': 'planète'}
150.91	0.2100000000000079	{'kind': 'word', 'word': 'était'}
151.12	0.789999999999992	{'kind': 'word', 'word': 'minuscule'}
152.48	0.3700000000000045	{'kind': 'word', 'word': 'sur'}
152.85	0.3199999999999932	{'kind': 'word', 'word': 'quoi'}
153.17	0.1800000000000068	{'kind': 'word', 'word': 'le'}
153.35	0.3000000000000113	{'kind': 'word', 'word': 'roi'}
153.65	0.4199999999999875	{'kind': 'word', 'word': 'pouvait'}
154.07	0.2199999999999988	{'kind': 'word', 'word': '-il'}
154.29	0.1599999999999966	{'kind': 'word', 'word': 'bien'}
154.45	0.5500000000000114	{'kind': 'word', 'word': 'régner'}
155.78	0.5699999999999932	{'kind': 'word', 'word': 'sire'}
156.55	0.2199999999999988	{'kind': 'word', 'word': 'lui'}
156.77	0.2299999999999897	{'kind': 'word', 'word': 'dit'}
157.0	0.3400000000000034	{'kind': 'word', 'word': '-il'}
157.86	0.1399999999999863	{'kind': 'word', 'word': 'je'}
158.0	0.1699999999999875	{'kind': 'word', 'word': 'vous'}
158.17	0.25	{'kind': 'word', 'word': 'demande'}
158.42	0.3800000000000239	{'kind': 'word', 'word': 'pardon'}
158.8	0.0899999999999749	{'kind': 'word', 'word': 'de'}
158.89	0.1900000000000261	{'kind': 'word', 'word': 'vous'}
159.08	0.6499999999999773	{'kind': 'word', 'word': 'interroger'}
160.29	0.1500000000000056	{'kind': 'word', 'word': 'je'}
160.44	0.0500000000000113	{'kind': 'word', 'word': 't'}
160.49	0.549999999999983	{'kind': 'word', 'word': 'ordonne'}
161.04	0.0800000000000125	{'kind': 'word', 'word': 'de'}
161.12	0.0699999999999931	{'kind': 'word', 'word': 'm'}
161.19	0.6299999999999955	{'kind': 'word', 'word': 'interroger'}
162.13	0.1800000000000068	{'kind': 'word', 'word': 'se'}
162.31	0.3799999999999954	{'kind': 'word', 'word': 'hâta'}
162.69	0.1100000000000136	{'kind': 'word', 'word': 'de'}
162.8	0.2299999999999897	{'kind': 'word', 'word': 'dire'}
163.03	0.1099999999999852	{'kind': 'word', 'word': 'le'}
163.14	0.3100000000000023	{'kind': 'word', 'word': 'roi'}
164.22	0.5800000000000125	{'kind': 'word', 'word': 'sire'}
165.06	0.2100000000000079	{'kind': 'word', 'word': 'sur'}
165.27	0.2099999999999795	{'kind': 'word', 'word': 'quoi'}
165.48	0.3300000000000125	{'kind': 'word', 'word': 'régnez'}
165.81	0.289999999999992	{'kind': 'word', 'word': '-vous'}
166.96	0.3199999999999932	{'kind': 'word', 'word': 'sur'}
167.35	0.3300000000000125	{'kind': 'word', 'word': 'tout'}
168.14	0.5400000000000205	{'kind': 'word', 'word': 'répondit'}
168.68	0.0600000000000022	{'kind': 'word', 'word': 'le'}
168.74	0.2999999999999829	{'kind': 'word', 'word': 'roi'}
169.3	0.2999999999999829	{'kind': 'word', 'word': 'avec'}
169.6	0.1800000000000068	{'kind': 'word', 'word': 'une'}
169.78	0.4000000000000057	{'kind': 'word', 'word': 'grande'}
170.18	0.9099999999999966	{'kind': 'word', 'word': 'simplicité'}
171.86	0.4099999999999966	{'kind': 'word', 'word': 'sur'}
172.31	0.2599999999999909	{'kind': 'word', 'word': 'tout'}
173.68	0.0499999999999829	{'kind': 'word', 'word': 'le'}
173.86	0.2999999999999829	{'kind': 'word', 'word': 'roi'}
174.16	0.0300000000000011	{'kind': 'word', 'word': 'd'}
174.19	0.1500000000000056	{'kind': 'word', 'word': 'un'}
174.34	0.4199999999999875	{'kind': 'word', 'word': 'geste'}
174.76	0.5100000000000193	{'kind': 'word', 'word': 'discret'}
175.27	0.5699999999999932	{'kind': 'word', 'word': 'désigna'}
175.84	0.1999999999999886	{'kind': 'word', 'word': 'sa'}
176.04	0.5700000000000216	{'kind': 'word', 'word': 'planète'}
176.7	0.3100000000000023	{'kind': 'word', 'word': 'les'}
177.01	0.25	{'kind': 'word', 'word': 'autres'}
177.26	0.5900000000000034	{'kind': 'word', 'word': 'planètes'}
178.13	0.0699999999999931	{'kind': 'word', 'word': 'et'}
178.2	0.2300000000000182	{'kind': 'word', 'word': 'les'}
178.43	0.5099999999999909	{'kind': 'word', 'word': 'étoiles'}
179.86	0.2699999999999818	{'kind': 'word', 'word': 'sur'}
180.13	0.1800000000000068	{'kind': 'word', 'word': 'tout'}
180.31	0.2100000000000079	{'kind': 'word', 'word': 'ça'}
180.96	0.1399999999999863	{'kind': 'word', 'word': 'dit'}
181.1	0.1500000000000056	{'kind': 'word', 'word': 'le'}
181.25	0.2700000000000102	{'kind': 'word', 'word': 'petit'}
181.52	0.539999999999992	{'kind': 'word', 'word': 'prince'}
182.59	0.2599999999999909	{'kind': 'word', 'word': 'sur'}
182.85	0.25	{'kind': 'word', 'word': 'tout'}
183.1	0.3199999999999932	{'kind': 'word', 'word': 'ça'}
183.74	0.4699999999999988	{'kind': 'word', 'word': 'répondit'}
184.21	0.1299999999999954	{'kind': 'word', 'word': 'le'}
184.34	0.2999999999999829	{'kind': 'word', 'word': 'roi'}
185.75	0.2800000000000011	{'kind': 'word', 'word': 'car'}
186.03	0.1800000000000068	{'kind': 'word', 'word': 'non'}
186.29	0.2900000000000204	{'kind': 'word', 'word': 'seulement'}
186.58	0.1099999999999852	{'kind': 'word', 'word': 'c'}
186.69	0.2599999999999909	{'kind': 'word', 'word': 'était'}
186.95	0.1100000000000136	{'kind': 'word', 'word': 'un'}
187.06	0.4699999999999988	{'kind': 'word', 'word': 'monarque'}
187.62	0.5600000000000023	{'kind': 'word', 'word': 'absolu'}
188.41	0.1599999999999966	{'kind': 'word', 'word': 'mais'}
188.57	0.0999999999999943	{'kind': 'word', 'word': 'c'}
188.67	0.2700000000000102	{'kind': 'word', 'word': 'était'}
188.94	0.0600000000000022	{'kind': 'word', 'word': 'un'}
189.0	0.5099999999999909	{'kind': 'word', 'word': 'monarque'}
189.64	1.1400000000000148	{'kind': 'word', 'word': 'universel'}
191.84	0.0300000000000011	{'kind': 'word', 'word': 'et'}
191.92	0.2400000000000091	{'kind': 'word', 'word': 'les'}
192.16	0.3199999999999932	{'kind': 'word', 'word': 'étoiles'}
192.48	0.1800000000000068	{'kind': 'word', 'word': 'vous'}
192.66	0.5699999999999932	{'kind': 'word', 'word': 'obéissent'}
193.91	0.2299999999999897	{'kind': 'word', 'word': 'bien'}
194.14	0.4200000000000159	{'kind': 'word', 'word': 'sûr'}
194.91	0.2100000000000079	{'kind': 'word', 'word': 'lui'}
195.12	0.1299999999999954	{'kind': 'word', 'word': 'dit'}
195.25	0.1200000000000045	{'kind': 'word', 'word': 'le'}
195.37	0.2800000000000011	{'kind': 'word', 'word': 'roi'}
196.14	0.3000000000000113	{'kind': 'word', 'word': 'elles'}
196.44	0.4000000000000057	{'kind': 'word', 'word': 'obéissent'}
196.84	0.5	{'kind': 'word', 'word': 'aussitôt'}
197.58	0.1499999999999772	{'kind': 'word', 'word': 'je'}
197.73	0.1800000000000068	{'kind': 'word', 'word': 'ne'}
197.95	0.3600000000000136	{'kind': 'word', 'word': 'tolère'}
198.31	0.1299999999999954	{'kind': 'word', 'word': 'pas'}
198.44	0.039999999999992	{'kind': 'word', 'word': 'l'}
198.48	0.8000000000000114	{'kind': 'word', 'word': 'indiscipline'}
200.49	0.289999999999992	{'kind': 'word', 'word': 'un'}
200.84	0.2999999999999829	{'kind': 'word', 'word': 'tel'}
201.14	0.5	{'kind': 'word', 'word': 'pouvoir'}
201.87	0.75	{'kind': 'word', 'word': 'émerveilla'}
202.62	0.1200000000000045	{'kind': 'word', 'word': 'le'}
202.74	0.2800000000000011	{'kind': 'word', 'word': 'petit'}
203.02	0.5699999999999932	{'kind': 'word', 'word': 'prince'}
204.0	0.1500000000000056	{'kind': 'word', 'word': 's'}
204.15	0.2299999999999897	{'kind': 'word', 'word': 'il'}
204.38	0.0200000000000102	{'kind': 'word', 'word': 'l'}
204.46	0.2099999999999795	{'kind': 'word', 'word': 'avait'}
204.67	0.5200000000000102	{'kind': 'word', 'word': 'détenu'}
205.19	0.1800000000000068	{'kind': 'word', 'word': 'lui'}
205.37	0.3599999999999852	{'kind': 'word', 'word': '-même'}
206.1	0.1800000000000068	{'kind': 'word', 'word': 'il'}
206.28	0.2800000000000011	{'kind': 'word', 'word': 'aurait'}
206.56	0.0900000000000034	{'kind': 'word', 'word': 'pu'}
206.65	0.710000000000008	{'kind': 'word', 'word': 'assister'}
207.66	0.2299999999999897	{'kind': 'word', 'word': 'non'}
207.89	0.25	{'kind': 'word', 'word': 'pas'}
208.14	0.0800000000000125	{'kind': 'word', 'word': 'à'}
208.22	0.3600000000000136	{'kind': 'word', 'word': 'quarante'}
208.58	0.3999999999999772	{'kind': 'word', 'word': '-quatre'}
209.4	0.2299999999999897	{'kind': 'word', 'word': 'mais'}
209.63	0.0800000000000125	{'kind': 'word', 'word': 'à'}
209.71	0.4599999999999795	{'kind': 'word', 'word': 'soixante'}
210.17	0.450000000000017	{'kind': 'word', 'word': '-douze'}
210.72	0.1400000000000147	{'kind': 'word', 'word': 'ou'}
210.86	0.2299999999999897	{'kind': 'word', 'word': 'même'}
211.09	0.1099999999999852	{'kind': 'word', 'word': 'à'}
211.2	0.3900000000000148	{'kind': 'word', 'word': 'cent'}
211.97	0.1299999999999954	{'kind': 'word', 'word': 'ou'}
212.1	0.2100000000000079	{'kind': 'word', 'word': 'même'}
212.31	0.1099999999999852	{'kind': 'word', 'word': 'à'}
212.42	0.3100000000000023	{'kind': 'word', 'word': 'deux'}
212.73	0.3200000000000216	{'kind': 'word', 'word': 'cents'}
213.05	0.3299999999999841	{'kind': 'word', 'word': 'couchers'}
213.38	0.1200000000000045	{'kind': 'word', 'word': 'de'}
213.5	0.4099999999999966	{'kind': 'word', 'word': 'soleil'}
213.91	0.1200000000000045	{'kind': 'word', 'word': 'dans'}
214.03	0.1299999999999954	{'kind': 'word', 'word': 'la'}
214.16	0.3400000000000034	{'kind': 'word', 'word': 'même'}
214.5	0.4699999999999988	{'kind': 'word', 'word': 'journée'}
215.35	0.4099999999999966	{'kind': 'word', 'word': 'sans'}
215.76	0.3700000000000045	{'kind': 'word', 'word': 'avoir'}
216.13	0.6599999999999966	{'kind': 'word', 'word': 'jamais'}
216.79	0.0800000000000125	{'kind': 'word', 'word': 'à'}
216.87	0.3199999999999932	{'kind': 'word', 'word': 'tirer'}
217.19	0.1700000000000159	{'kind': 'word', 'word': 'sa'}
217.36	0.5199999999999818	{'kind': 'word', 'word': 'chaise'}
219.18	0.0600000000000022	{'kind': 'word', 'word': 'et'}
219.24	0.2599999999999909	{'kind': 'word', 'word': 'comme'}
219.5	0.0699999999999931	{'kind': 'word', 'word': 'il'}
219.57	0.2800000000000011	{'kind': 'word', 'word': 'se'}
219.85	0.3100000000000023	{'kind': 'word', 'word': 'sentait'}
220.16	0.1100000000000136	{'kind': 'word', 'word': 'un'}
220.27	0.1199999999999761	{'kind': 'word', 'word': 'peu'}
220.39	0.4900000000000091	{'kind': 'word', 'word': 'triste'}
220.88	0.200000000000017	{'kind': 'word', 'word': 'à'}
221.08	0.2599999999999909	{'kind': 'word', 'word': 'cause'}
221.34	0.0600000000000022	{'kind': 'word', 'word': 'du'}
221.4	0.0600000000000022	{'kind': 'word', 'word': ' '}
221.46	0.5099999999999909	{'kind': 'word', 'word': 'souvenir'}
221.97	0.1100000000000136	{'kind': 'word', 'word': 'de'}
222.08	0.1799999999999784	{'kind': 'word', 'word': 'sa'}
222.26	0.3500000000000227	{'kind': 'word', 'word': 'petite'}
222.61	0.5299999999999727	{'kind': 'word', 'word': 'planète'}
223.14	0.660000000000025	{'kind': 'word', 'word': 'abandonnée'}
224.15	0.1599999999999966	{'kind': 'word', 'word': 'il'}
224.31	0.1599999999999966	{'kind': 'word', 'word': 's'}
224.47	0.5300000000000011	{'kind': 'word', 'word': 'enhardit'}
225.0	0.0800000000000125	{'kind': 'word', 'word': 'à'}
225.08	0.799999999999983	{'kind': 'word', 'word': 'solliciter'}
225.88	0.1800000000000068	{'kind': 'word', 'word': 'une'}
226.06	0.4900000000000091	{'kind': 'word', 'word': 'grâce'}
226.55	0.0699999999999931	{'kind': 'word', 'word': 'du'}
226.62	0.0699999999999931	{'kind': 'word', 'word': ' '}
226.69	0.2700000000000102	{'kind': 'word', 'word': 'roi'}
228.08	0.1699999999999875	{'kind': 'word', 'word': 'je'}
228.25	0.3400000000000034	{'kind': 'word', 'word': 'voudrais'}
228.59	0.1699999999999875	{'kind': 'word', 'word': 'voir'}
228.76	0.0700000000000216	{'kind': 'word', 'word': 'un'}
228.83	0.2999999999999829	{'kind': 'word', 'word': 'coucher'}
229.13	0.0900000000000034	{'kind': 'word', 'word': 'de'}
229.22	0.5800000000000125	{'kind': 'word', 'word': 'soleil'}
230.23	0.1700000000000159	{'kind': 'word', 'word': 'faites'}
230.4	0.1399999999999863	{'kind': 'word', 'word': '-moi'}
230.54	0.6200000000000045	{'kind': 'word', 'word': 'plaisir'}
231.51	0.4399999999999977	{'kind': 'word', 'word': 'ordonnez'}
231.95	0.0150000000000147	{'kind': 'word', 'word': 'au'}
231.965	0.0149999999999863	{'kind': 'word', 'word': ' '}
231.98	0.3500000000000227	{'kind': 'word', 'word': 'soleil'}
232.33	0.0999999999999943	{'kind': 'word', 'word': 'de'}
232.43	0.1599999999999966	{'kind': 'word', 'word': 'se'}
232.59	0.539999999999992	{'kind': 'word', 'word': 'coucher'}
234.08	0.1399999999999863	{'kind': 'word', 'word': 'si'}
234.22	0.0300000000000011	{'kind': 'word', 'word': 'j'}
234.25	0.5300000000000011	{'kind': 'word', 'word': 'ordonnais'}
234.78	0.0500000000000113	{'kind': 'word', 'word': 'à'}
234.83	0.0999999999999943	{'kind': 'word', 'word': 'un'}
234.93	0.5900000000000034	{'kind': 'word', 'word': 'général'}
235.52	0.1199999999999761	{'kind': 'word', 'word': 'de'}
235.64	0.2700000000000102	{'kind': 'word', 'word': 'voler'}
235.91	0.0500000000000113	{'kind': 'word', 'word': 'd'}
235.96	0.1399999999999863	{'kind': 'word', 'word': 'une'}
236.1	0.4200000000000159	{'kind': 'word', 'word': 'fleur'}
236.52	0.0499999999999829	{'kind': 'word', 'word': 'à'}
236.57	0.0600000000000022	{'kind': 'word', 'word': 'l'}
236.63	0.2400000000000091	{'kind': 'word', 'word': 'autre'}
236.87	0.0300000000000011	{'kind': 'word', 'word': 'à'}
236.9	0.1200000000000045	{'kind': 'word', 'word': 'la'}
237.02	0.3299999999999841	{'kind': 'word', 'word': 'façon'}
237.35	0.0699999999999931	{'kind': 'word', 'word': 'd'}
237.42	0.1200000000000045	{'kind': 'word', 'word': 'un'}
237.54	0.5300000000000011	{'kind': 'word', 'word': 'papillon'}
238.41	0.1100000000000136	{'kind': 'word', 'word': 'ou'}
238.52	0.0600000000000022	{'kind': 'word', 'word': 'd'}
238.58	0.3899999999999863	{'kind': 'word', 'word': 'écrire'}
238.97	0.1500000000000056	{'kind': 'word', 'word': 'une'}
239.12	0.6399999999999864	{'kind': 'word', 'word': 'tragédie'}
240.02	0.0999999999999943	{'kind': 'word', 'word': 'ou'}
240.12	0.1099999999999852	{'kind': 'word', 'word': 'de'}
240.23	0.1700000000000159	{'kind': 'word', 'word': 'se'}
240.4	0.4000000000000057	{'kind': 'word', 'word': 'changer'}
240.8	0.1599999999999966	{'kind': 'word', 'word': 'en'}
240.96	0.25	{'kind': 'word', 'word': 'oiseau'}
241.21	0.1200000000000045	{'kind': 'word', 'word': 'de'}
241.33	0.3799999999999954	{'kind': 'word', 'word': 'mer'}
242.01	0.0600000000000022	{'kind': 'word', 'word': 'et'}
242.07	0.2100000000000079	{'kind': 'word', 'word': 'si'}
242.28	0.0800000000000125	{'kind': 'word', 'word': 'le'}
242.36	0.539999999999992	{'kind': 'word', 'word': 'général'}
242.9	0.0499999999999829	{'kind': 'word', 'word': 'n'}
242.95	0.4900000000000091	{'kind': 'word', 'word': 'exécutait'}
243.44	0.1899999999999977	{'kind': 'word', 'word': 'pas'}
243.63	0.0800000000000125	{'kind': 'word', 'word': 'l'}
243.71	0.3199999999999932	{'kind': 'word', 'word': 'ordre'}
244.03	0.3799999999999954	{'kind': 'word', 'word': 'reçu'}
244.82	0.3100000000000023	{'kind': 'word', 'word': 'qui'}
245.29	0.1500000000000056	{'kind': 'word', 'word': 'de'}
245.44	0.3499999999999943	{'kind': 'word', 'word': 'lui'}
245.79	0.1200000000000045	{'kind': 'word', 'word': 'ou'}
245.91	0.1400000000000147	{'kind': 'word', 'word': 'de'}
246.05	0.3199999999999932	{'kind': 'word', 'word': 'moi'}
246.5	0.3300000000000125	{'kind': 'word', 'word': 'serait'}
246.83	0.1099999999999852	{'kind': 'word', 'word': 'dans'}
246.94	0.2100000000000079	{'kind': 'word', 'word': 'son'}
247.15	0.4399999999999977	{'kind': 'word', 'word': 'tort'}
248.24	0.289999999999992	{'kind': 'word', 'word': 'ce'}
248.53	0.2100000000000079	{'kind': 'word', 'word': 'serait'}
248.74	0.2399999999999806	{'kind': 'word', 'word': 'vous'}
249.32	0.1700000000000159	{'kind': 'word', 'word': 'dit'}
249.49	0.4499999999999886	{'kind': 'word', 'word': 'fermement'}
249.94	0.1100000000000136	{'kind': 'word', 'word': 'le'}
250.05	0.2999999999999829	{'kind': 'word', 'word': 'petit'}
250.35	0.5	{'kind': 'word', 'word': 'prince'}
251.43	0.6099999999999852	{'kind': 'word', 'word': 'exact'}
252.52	0.1599999999999966	{'kind': 'word', 'word': 'il'}
252.68	0.1299999999999954	{'kind': 'word', 'word': 'faut'}
252.81	0.4499999999999886	{'kind': 'word', 'word': 'exiger'}
253.26	0.1000000000000227	{'kind': 'word', 'word': 'de'}
253.36	0.5099999999999909	{'kind': 'word', 'word': 'chacun'}
253.87	0.1599999999999966	{'kind': 'word', 'word': 'ce'}
254.03	0.1099999999999852	{'kind': 'word', 'word': 'que'}
254.14	0.3500000000000227	{'kind': 'word', 'word': 'chacun'}
254.49	0.1799999999999784	{'kind': 'word', 'word': 'peut'}
254.67	0.410000000000025	{'kind': 'word', 'word': 'donner'}
255.4	0.4199999999999875	{'kind': 'word', 'word': 'reprit'}
255.82	0.1200000000000045	{'kind': 'word', 'word': 'le'}
255.94	0.2900000000000204	{'kind': 'word', 'word': 'roi'}
257.2	0.0500000000000113	{'kind': 'word', 'word': 'l'}
257.25	0.589999999999975	{'kind': 'word', 'word': 'autorité'}
257.84	0.4800000000000182	{'kind': 'word', 'word': 'repose'}
258.32	0.0699999999999931	{'kind': 'word', 'word': 'd'}
258.39	0.4600000000000364	{'kind': 'word', 'word': 'abord'}
258.85	0.1999999999999886	{'kind': 'word', 'word': 'sur'}
259.05	0.1100000000000136	{'kind': 'word', 'word': 'la'}
259.16	0.4499999999999886	{'kind': 'word', 'word': 'raison'}
260.07	0.2200000000000272	{'kind': 'word', 'word': 'si'}
260.29	0.1399999999999863	{'kind': 'word', 'word': 'tu'}
260.43	0.3499999999999659	{'kind': 'word', 'word': 'ordonnes'}
260.78	0.0600000000000022	{'kind': 'word', 'word': 'à'}
260.84	0.1700000000000159	{'kind': 'word', 'word': 'ton'}
261.07	0.3500000000000227	{'kind': 'word', 'word': 'peuple'}
261.42	0.0600000000000022	{'kind': 'word', 'word': 'd'}
261.48	0.169999999999959	{'kind': 'word', 'word': 'aller'}
261.65	0.1700000000000159	{'kind': 'word', 'word': 'se'}
261.82	0.410000000000025	{'kind': 'word', 'word': 'jeter'}
262.23	0.0600000000000022	{'kind': 'word', 'word': 'à'}
262.29	0.1200000000000045	{'kind': 'word', 'word': 'la'}
262.41	0.4099999999999681	{'kind': 'word', 'word': 'mer'}
262.89	0.1299999999999954	{'kind': 'word', 'word': 'il'}
263.02	0.3000000000000113	{'kind': 'word', 'word': 'fera'}
263.32	0.1100000000000136	{'kind': 'word', 'word': 'la'}
263.43	0.7599999999999909	{'kind': 'word', 'word': 'révolution'}
264.88	0.1299999999999954	{'kind': 'word', 'word': 'j'}
265.01	0.0600000000000022	{'kind': 'word', 'word': 'ai'}
265.07	0.1299999999999954	{'kind': 'word', 'word': 'le'}
265.2	0.3600000000000136	{'kind': 'word', 'word': 'droit'}
265.56	0.0600000000000022	{'kind': 'word', 'word': 'd'}
265.62	0.4399999999999977	{'kind': 'word', 'word': 'exiger'}
266.06	0.0500000000000113	{'kind': 'word', 'word': 'l'}
266.11	0.8600000000000136	{'kind': 'word', 'word': 'obéissance'}
266.97	0.1899999999999977	{'kind': 'word', 'word': 'parce'}
267.16	0.1199999999999477	{'kind': 'word', 'word': 'que'}
267.28	0.2400000000000091	{'kind': 'word', 'word': 'mes'}
267.52	0.25	{'kind': 'word', 'word': 'ordres'}
267.77	0.1700000000000159	{'kind': 'word', 'word': 'sont'}
267.94	0.7300000000000182	{'kind': 'word', 'word': 'raisonnables'}
269.66	0.3299999999999841	{'kind': 'word', 'word': 'alors'}
269.99	0.1399999999999863	{'kind': 'word', 'word': 'mon'}
270.13	0.2699999999999818	{'kind': 'word', 'word': 'coucher'}
270.4	0.1100000000000136	{'kind': 'word', 'word': 'de'}
270.51	0.5099999999999909	{'kind': 'word', 'word': 'soleil'}
271.47	0.4799999999999613	{'kind': 'word', 'word': 'rappela'}
271.95	0.1200000000000045	{'kind': 'word', 'word': 'le'}
272.07	0.2699999999999818	{'kind': 'word', 'word': 'petit'}
272.34	0.4900000000000091	{'kind': 'word', 'word': 'prince'}
272.83	0.2300000000000182	{'kind': 'word', 'word': 'qui'}
273.06	0.5600000000000023	{'kind': 'word', 'word': 'jamais'}
273.62	0.079999999999984	{'kind': 'word', 'word': 'n'}
273.7	0.4200000000000159	{'kind': 'word', 'word': 'oubliait'}
274.12	0.1499999999999772	{'kind': 'word', 'word': 'une'}
274.27	0.5	{'kind': 'word', 'word': 'question'}
274.91	0.1599999999999681	{'kind': 'word', 'word': 'une'}
275.07	0.2099999999999795	{'kind': 'word', 'word': 'fois'}
275.28	0.1200000000000045	{'kind': 'word', 'word': 'qu'}
275.4	0.2300000000000182	{'kind': 'word', 'word': 'il'}
275.63	0.0199999999999818	{'kind': 'word', 'word': 'l'}
275.65	0.2400000000000091	{'kind': 'word', 'word': 'avait'}
275.89	0.4000000000000341	{'kind': 'word', 'word': 'posée'}
277.24	0.1599999999999681	{'kind': 'word', 'word': 'ton'}
277.4	0.2600000000000477	{'kind': 'word', 'word': 'coucher'}
277.66	0.079999999999984	{'kind': 'word', 'word': 'de'}
277.74	0.4699999999999704	{'kind': 'word', 'word': 'soleil'}
278.21	0.1200000000000045	{'kind': 'word', 'word': 'tu'}
278.33	0.0500000000000113	{'kind': 'word', 'word': 'l'}
278.38	0.3700000000000045	{'kind': 'word', 'word': 'auras'}
279.05	0.1399999999999863	{'kind': 'word', 'word': 'je'}
279.19	0.079999999999984	{'kind': 'word', 'word': 'l'}
279.27	0.6200000000000045	{'kind': 'word', 'word': 'exigerai'}
280.47	0.169999999999959	{'kind': 'word', 'word': 'mais'}
280.64	0.0800000000000409	{'kind': 'word', 'word': 'j'}
280.72	0.5699999999999932	{'kind': 'word', 'word': 'attendrai'}
281.29	0.1800000000000068	{'kind': 'word', 'word': 'dans'}
281.47	0.1499999999999772	{'kind': 'word', 'word': 'ma'}
281.62	0.3600000000000136	{'kind': 'word', 'word': 'science'}
281.98	0.0600000000000022	{'kind': 'word', 'word': 'du'}
282.04	0.0600000000000022	{'kind': 'word', 'word': ' '}
282.1	0.6899999999999977	{'kind': 'word', 'word': 'gouvernement'}
283.02	0.1100000000000136	{'kind': 'word', 'word': 'que'}
283.13	0.1100000000000136	{'kind': 'word', 'word': 'les'}
283.24	0.5500000000000114	{'kind': 'word', 'word': 'conditions'}
283.79	0.1800000000000068	{'kind': 'word', 'word': 'soient'}
283.97	0.7099999999999795	{'kind': 'word', 'word': 'favorables'}
285.87	0.1999999999999886	{'kind': 'word', 'word': 'quand'}
286.07	0.160000000000025	{'kind': 'word', 'word': 'ça'}
286.23	0.2899999999999636	{'kind': 'word', 'word': 'sera'}
286.52	0.1000000000000227	{'kind': 'word', 'word': '-t'}
286.62	0.3500000000000227	{'kind': 'word', 'word': '-il'}
287.34	0.1400000000000432	{'kind': 'word', 'word': 's'}
287.48	0.3799999999999954	{'kind': 'word', 'word': 'informa'}
287.86	0.1100000000000136	{'kind': 'word', 'word': 'le'}
287.97	0.2899999999999636	{'kind': 'word', 'word': 'petit'}
288.26	0.5500000000000114	{'kind': 'word', 'word': 'prince'}
289.6	0.169999999999959	{'kind': 'word', 'word': 'hem'}
289.97	0.1599999999999681	{'kind': 'word', 'word': 'hem'}
290.55	0.1999999999999886	{'kind': 'word', 'word': 'lui'}
290.75	0.4499999999999886	{'kind': 'word', 'word': 'répondit'}
291.2	0.0900000000000318	{'kind': 'word', 'word': 'le'}
291.29	0.2999999999999545	{'kind': 'word', 'word': 'roi'}
291.86	0.1499999999999772	{'kind': 'word', 'word': 'qui'}
292.01	0.5600000000000023	{'kind': 'word', 'word': 'consulta'}
292.57	0.0600000000000022	{'kind': 'word', 'word': 'd'}
292.63	0.4200000000000159	{'kind': 'word', 'word': 'abord'}
293.05	0.1499999999999772	{'kind': 'word', 'word': 'un'}
293.2	0.3000000000000113	{'kind': 'word', 'word': 'gros'}
293.5	0.7200000000000273	{'kind': 'word', 'word': 'calendrier'}
294.93	0.2400000000000091	{'kind': 'word', 'word': 'hem'}
295.32	0.2099999999999795	{'kind': 'word', 'word': 'hem'}
296.15	0.3000000000000113	{'kind': 'word', 'word': 'ce'}
296.45	0.3500000000000227	{'kind': 'word', 'word': 'sera'}
296.8	0.8600000000000136	{'kind': 'word', 'word': 'vers'}
298.17	0.7299999999999613	{'kind': 'word', 'word': 'vers'}
298.9	0.25	{'kind': 'word', 'word': 'ce'}
299.15	0.3600000000000136	{'kind': 'word', 'word': 'sera'}
299.51	0.1200000000000045	{'kind': 'word', 'word': 'ce'}
299.63	0.4399999999999977	{'kind': 'word', 'word': 'soir'}
300.07	0.1700000000000159	{'kind': 'word', 'word': 'vers'}
300.24	0.25	{'kind': 'word', 'word': 'sept'}
300.49	0.0999999999999659	{'kind': 'word', 'word': 'heures'}
300.59	0.5200000000000387	{'kind': 'word', 'word': 'quarante'}
301.54	0.0499999999999545	{'kind': 'word', 'word': 'et'}
301.59	0.160000000000025	{'kind': 'word', 'word': 'tu'}
301.75	0.2799999999999727	{'kind': 'word', 'word': 'verras'}
302.03	0.160000000000025	{'kind': 'word', 'word': 'comme'}
302.19	0.1000000000000227	{'kind': 'word', 'word': 'je'}
302.29	0.25	{'kind': 'word', 'word': 'suis'}
302.54	0.2599999999999909	{'kind': 'word', 'word': 'bien'}
302.8	0.4300000000000068	{'kind': 'word', 'word': 'obéi'}
304.39	0.1899999999999977	{'kind': 'word', 'word': 'le'}
304.58	0.2900000000000204	{'kind': 'word', 'word': 'petit'}
304.87	0.4300000000000068	{'kind': 'word', 'word': 'prince'}
305.3	0.4099999999999681	{'kind': 'word', 'word': 'bâilla'}
306.29	0.1800000000000068	{'kind': 'word', 'word': 'il'}
306.47	0.5199999999999818	{'kind': 'word', 'word': 'regrettait'}
306.99	0.1800000000000068	{'kind': 'word', 'word': 'son'}
307.17	0.3199999999999932	{'kind': 'word', 'word': 'coucher'}
307.49	0.1200000000000045	{'kind': 'word', 'word': 'de'}
307.61	0.3700000000000045	{'kind': 'word', 'word': 'soleil'}
307.98	0.5	{'kind': 'word', 'word': 'manqué'}
309.15	0.1400000000000432	{'kind': 'word', 'word': 'et'}
309.29	0.3100000000000023	{'kind': 'word', 'word': 'puis'}
309.6	0.0499999999999545	{'kind': 'word', 'word': 'il'}
309.65	0.1299999999999954	{'kind': 'word', 'word': 's'}
309.78	0.3400000000000318	{'kind': 'word', 'word': 'ennuyait'}
310.12	0.3199999999999932	{'kind': 'word', 'word': 'déjà'}
310.44	0.1299999999999954	{'kind': 'word', 'word': 'un'}
310.57	0.1800000000000068	{'kind': 'word', 'word': 'peu'}
311.85	0.1200000000000045	{'kind': 'word', 'word': 'je'}
312.01	0.0400000000000204	{'kind': 'word', 'word': 'n'}
312.05	0.079999999999984	{'kind': 'word', 'word': 'ai'}
312.13	0.1100000000000136	{'kind': 'word', 'word': 'plus'}
312.24	0.3199999999999932	{'kind': 'word', 'word': 'rien'}
312.56	0.0299999999999727	{'kind': 'word', 'word': 'à'}
312.59	0.160000000000025	{'kind': 'word', 'word': 'faire'}
312.75	0.410000000000025	{'kind': 'word', 'word': 'ici'}
313.4	0.2400000000000091	{'kind': 'word', 'word': 'dit'}
313.64	0.1399999999999863	{'kind': 'word', 'word': '-il'}
313.78	0.07000000000005	{'kind': 'word', 'word': 'au'}
313.85	0.1499999999999772	{'kind': 'word', 'word': 'roi'}
314.0	0.1499999999999772	{'kind': 'word', 'word': ' '}
314.66	0.1799999999999499	{'kind': 'word', 'word': 'je'}
314.84	0.0900000000000318	{'kind': 'word', 'word': 'vais'}
314.93	0.7599999999999909	{'kind': 'word', 'word': 'repartir'}
316.36	0.2799999999999727	{'kind': 'word', 'word': 'ne'}
316.64	0.25	{'kind': 'word', 'word': 'pars'}
316.89	0.2599999999999909	{'kind': 'word', 'word': 'pas'}
317.47	0.42999999999995	{'kind': 'word', 'word': 'répondit'}
317.9	0.1299999999999954	{'kind': 'word', 'word': 'le'}
318.03	0.2700000000000386	{'kind': 'word', 'word': 'roi'}
318.3	0.1999999999999886	{'kind': 'word', 'word': 'qui'}
318.5	0.25	{'kind': 'word', 'word': 'était'}
318.75	0.3000000000000113	{'kind': 'word', 'word': 'si'}
319.05	0.4699999999999704	{'kind': 'word', 'word': 'fier'}
319.52	0.0699999999999931	{'kind': 'word', 'word': 'd'}
319.59	0.2700000000000386	{'kind': 'word', 'word': 'avoir'}
319.86	0.079999999999984	{'kind': 'word', 'word': 'un'}
319.94	0.4300000000000068	{'kind': 'word', 'word': 'sujet'}
321.01	0.160000000000025	{'kind': 'word', 'word': 'ne'}
321.17	0.1999999999999886	{'kind': 'word', 'word': 'pars'}
321.37	0.1700000000000159	{'kind': 'word', 'word': 'pas'}
321.54	0.1399999999999863	{'kind': 'word', 'word': 'je'}
321.68	0.1200000000000045	{'kind': 'word', 'word': 'te'}
321.8	0.1499999999999772	{'kind': 'word', 'word': 'fais'}
321.95	0.6100000000000136	{'kind': 'word', 'word': 'ministre'}
323.31	0.5400000000000205	{'kind': 'word', 'word': 'ministre'}
323.85	0.1399999999999863	{'kind': 'word', 'word': 'de'}
323.99	0.25	{'kind': 'word', 'word': 'quoi'}
325.08	0.1200000000000045	{'kind': 'word', 'word': 'de'}
325.54	0.339999999999975	{'kind': 'word', 'word': 'de'}
326.11	0.0999999999999659	{'kind': 'word', 'word': 'la'}
326.21	0.6299999999999955	{'kind': 'word', 'word': 'justice'}
327.78	0.2400000000000091	{'kind': 'word', 'word': 'mais'}
328.12	0.1200000000000045	{'kind': 'word', 'word': 'il'}
328.24	0.0500000000000113	{'kind': 'word', 'word': 'n'}
328.35	0.0199999999999818	{'kind': 'word', 'word': 'y'}
328.37	0.0899999999999749	{'kind': 'word', 'word': 'a'}
328.46	0.3500000000000227	{'kind': 'word', 'word': 'personne'}
328.81	0.0699999999999931	{'kind': 'word', 'word': 'à'}
328.88	0.4499999999999886	{'kind': 'word', 'word': 'juger'}
330.369024	0.1282519999999749	{'kind': 'word', 'word': 'on'}
330.497276	0.1115230000000906	{'kind': 'word', 'word': 'ne'}
330.6087990000001	0.2112009999999031	{'kind': 'word', 'word': 'sait'}
330.82	0.2400000000000091	{'kind': 'word', 'word': 'pas'}
331.31	0.1999999999999886	{'kind': 'word', 'word': 'lui'}
331.51	0.1200000000000045	{'kind': 'word', 'word': 'dit'}
331.63	0.1399999999999863	{'kind': 'word', 'word': 'le'}
331.77	0.3199999999999932	{'kind': 'word', 'word': 'roi'}
332.59	0.160000000000025	{'kind': 'word', 'word': 'je'}
332.75	0.0299999999999727	{'kind': 'word', 'word': 'n'}
332.78	0.1100000000000136	{'kind': 'word', 'word': 'ai'}
332.89	0.1399999999999863	{'kind': 'word', 'word': 'pas'}
333.03	0.1500000000000341	{'kind': 'word', 'word': 'fait'}
333.18	0.4200000000000159	{'kind': 'word', 'word': 'encore'}
333.6	0.1099999999999568	{'kind': 'word', 'word': 'le'}
333.71	0.2100000000000363	{'kind': 'word', 'word': 'tour'}
333.92	0.0699999999999931	{'kind': 'word', 'word': 'de'}
333.99	0.1399999999999863	{'kind': 'word', 'word': 'mon'}
334.13	0.5799999999999841	{'kind': 'word', 'word': 'royaume'}
335.0	0.1100000000000136	{'kind': 'word', 'word': 'je'}
335.11	0.2299999999999613	{'kind': 'word', 'word': 'suis'}
335.34	0.3000000000000113	{'kind': 'word', 'word': 'très'}
335.64	0.3300000000000409	{'kind': 'word', 'word': 'vieux'}
336.17	0.1499999999999772	{'kind': 'word', 'word': 'je'}
336.32	0.0500000000000113	{'kind': 'word', 'word': 'n'}
336.37	0.079999999999984	{'kind': 'word', 'word': 'ai'}
336.45	0.1299999999999954	{'kind': 'word', 'word': 'pas'}
336.58	0.1200000000000045	{'kind': 'word', 'word': 'de'}
336.7	0.3199999999999932	{'kind': 'word', 'word': 'place'}
337.02	0.1400000000000432	{'kind': 'word', 'word': 'pour'}
337.16	0.0699999999999931	{'kind': 'word', 'word': 'un'}
337.23	0.5699999999999932	{'kind': 'word', 'word': 'carrosse'}
338.15	0.0300000000000295	{'kind': 'word', 'word': 'et'}
338.18	0.1700000000000159	{'kind': 'word', 'word': 'ça'}
338.35	0.1099999999999568	{'kind': 'word', 'word': 'me'}
338.46	0.4500000000000455	{'kind': 'word', 'word': 'fatigue'}
338.91	0.1099999999999568	{'kind': 'word', 'word': 'de'}
339.02	0.5500000000000114	{'kind': 'word', 'word': 'marcher'}
340.59	0.2800000000000295	{'kind': 'word', 'word': 'oh'}
340.87	0.1100000000000136	{'kind': 'word', 'word': 'mais'}
340.98	0.0299999999999727	{'kind': 'word', 'word': 'j'}
341.01	0.1100000000000136	{'kind': 'word', 'word': 'ai'}
341.12	0.3199999999999932	{'kind': 'word', 'word': 'déjà'}
341.44	0.1999999999999886	{'kind': 'word', 'word': 'vu'}
341.95	0.1500000000000341	{'kind': 'word', 'word': 'dit'}
342.1	0.1299999999999954	{'kind': 'word', 'word': 'le'}
342.23	0.2599999999999909	{'kind': 'word', 'word': 'petit'}
342.49	0.3899999999999863	{'kind': 'word', 'word': 'prince'}
342.88	0.1899999999999977	{'kind': 'word', 'word': 'qui'}
343.07	0.2099999999999795	{'kind': 'word', 'word': 'se'}
343.28	0.5	{'kind': 'word', 'word': 'pencha'}
343.78	0.2100000000000363	{'kind': 'word', 'word': 'pour'}
343.99	0.3799999999999954	{'kind': 'word', 'word': 'jeter'}
344.37	0.4099999999999681	{'kind': 'word', 'word': 'encore'}
344.78	0.1000000000000227	{'kind': 'word', 'word': 'un'}
344.88	0.1299999999999954	{'kind': 'word', 'word': 'coup'}
345.01	0.0699999999999931	{'kind': 'word', 'word': 'd'}
345.08	0.2200000000000272	{'kind': 'word', 'word': 'oeil'}
345.3	0.2299999999999613	{'kind': 'word', 'word': 'sur'}
345.53	0.0600000000000022	{'kind': 'word', 'word': 'l'}
345.59	0.2600000000000477	{'kind': 'word', 'word': 'autre'}
345.85	0.2899999999999636	{'kind': 'word', 'word': 'côté'}
346.14	0.1200000000000045	{'kind': 'word', 'word': 'de'}
346.26	0.1100000000000136	{'kind': 'word', 'word': 'la'}
346.37	0.6100000000000136	{'kind': 'word', 'word': 'planète'}
347.66	0.1299999999999954	{'kind': 'word', 'word': 'il'}
347.79	0.0299999999999727	{'kind': 'word', 'word': 'n'}
347.82	0.0900000000000318	{'kind': 'word', 'word': 'y'}
347.96	0.0600000000000022	{'kind': 'word', 'word': 'a'}
348.02	0.3600000000000136	{'kind': 'word', 'word': 'personne'}
348.38	0.2300000000000182	{'kind': 'word', 'word': 'là'}
348.61	0.1200000000000045	{'kind': 'word', 'word': '-bas'}
348.73	0.1599999999999681	{'kind': 'word', 'word': 'non'}
348.89	0.2400000000000091	{'kind': 'word', 'word': 'plus'}
350.11	0.1399999999999863	{'kind': 'word', 'word': 'tu'}
350.25	0.0400000000000204	{'kind': 'word', 'word': 'te'}
350.36	0.4199999999999591	{'kind': 'word', 'word': 'jugeras'}
350.78	0.2100000000000363	{'kind': 'word', 'word': 'donc'}
350.99	0.1800000000000068	{'kind': 'word', 'word': 'toi'}
351.17	0.4599999999999795	{'kind': 'word', 'word': '-même'}
351.89	0.1700000000000159	{'kind': 'word', 'word': 'lui'}
352.06	0.4800000000000182	{'kind': 'word', 'word': 'répondit'}
352.54	0.0999999999999659	{'kind': 'word', 'word': 'le'}
352.64	0.2400000000000091	{'kind': 'word', 'word': 'roi'}
353.4	0.1000000000000227	{'kind': 'word', 'word': 'c'}
353.5	0.079999999999984	{'kind': 'word', 'word': 'est'}
353.58	0.1800000000000068	{'kind': 'word', 'word': 'le'}
353.76	0.2400000000000091	{'kind': 'word', 'word': 'plus'}
354.0	0.7699999999999818	{'kind': 'word', 'word': 'difficile'}
355.23	0.169999999999959	{'kind': 'word', 'word': 'il'}
355.4	0.1000000000000227	{'kind': 'word', 'word': 'est'}
355.5	0.3299999999999841	{'kind': 'word', 'word': 'bien'}
355.83	0.160000000000025	{'kind': 'word', 'word': 'plus'}
355.99	0.5600000000000023	{'kind': 'word', 'word': 'difficile'}
356.55	0.0699999999999931	{'kind': 'word', 'word': 'de'}
356.62	0.1599999999999681	{'kind': 'word', 'word': 'se'}
356.78	0.3100000000000023	{'kind': 'word', 'word': 'juger'}
357.09	0.2200000000000272	{'kind': 'word', 'word': 'soi'}
357.31	0.2599999999999909	{'kind': 'word', 'word': '-même'}
357.57	0.1399999999999863	{'kind': 'word', 'word': 'que'}
357.71	0.0900000000000318	{'kind': 'word', 'word': 'de'}
357.8	0.3899999999999863	{'kind': 'word', 'word': 'juger'}
358.19	0.4599999999999795	{'kind': 'word', 'word': 'autrui'}
359.25	0.2099999999999795	{'kind': 'word', 'word': 'si'}
359.46	0.1100000000000136	{'kind': 'word', 'word': 'tu'}
359.57	0.5099999999999909	{'kind': 'word', 'word': 'réussis'}
360.08	0.0800000000000409	{'kind': 'word', 'word': 'à'}
360.16	0.1599999999999681	{'kind': 'word', 'word': 'bien'}
360.32	0.1299999999999954	{'kind': 'word', 'word': 'te'}
360.45	0.4800000000000182	{'kind': 'word', 'word': 'juger'}
361.14	0.0600000000000022	{'kind': 'word', 'word': 'c'}
361.2	0.0500000000000113	{'kind': 'word', 'word': 'est'}
361.25	0.1399999999999863	{'kind': 'word', 'word': 'que'}
361.39	0.1299999999999954	{'kind': 'word', 'word': 'tu'}
361.52	0.1700000000000159	{'kind': 'word', 'word': 'es'}
361.69	0.1200000000000045	{'kind': 'word', 'word': 'un'}
361.81	0.5699999999999932	{'kind': 'word', 'word': 'véritable'}
362.38	0.5600000000000023	{'kind': 'word', 'word': 'sage'}
364.11	0.3100000000000023	{'kind': 'word', 'word': 'moi'}
364.74	0.1800000000000068	{'kind': 'word', 'word': 'dit'}
364.92	0.0999999999999659	{'kind': 'word', 'word': 'le'}
365.02	0.25	{'kind': 'word', 'word': 'petit'}
365.27	0.5500000000000114	{'kind': 'word', 'word': 'prince'}
366.24	0.2199999999999704	{'kind': 'word', 'word': 'je'}
366.46	0.1700000000000159	{'kind': 'word', 'word': 'puis'}
366.63	0.1100000000000136	{'kind': 'word', 'word': 'me'}
366.74	0.3299999999999841	{'kind': 'word', 'word': 'juger'}
367.07	0.1700000000000159	{'kind': 'word', 'word': 'moi'}
367.24	0.2199999999999704	{'kind': 'word', 'word': '-même'}
367.46	0.0500000000000113	{'kind': 'word', 'word': 'n'}
367.51	0.3500000000000227	{'kind': 'word', 'word': 'importe'}
367.86	0.1499999999999772	{'kind': 'word', 'word': 'où'}
368.4	0.1299999999999954	{'kind': 'word', 'word': 'je'}
368.53	0.0600000000000022	{'kind': 'word', 'word': 'n'}
368.59	0.1000000000000227	{'kind': 'word', 'word': 'ai'}
368.69	0.1000000000000227	{'kind': 'word', 'word': 'pas'}
368.79	0.2999999999999545	{'kind': 'word', 'word': 'besoin'}
369.09	0.0600000000000022	{'kind': 'word', 'word': 'd'}
369.15	0.4399999999999977	{'kind': 'word', 'word': 'habiter'}
369.59	0.3500000000000227	{'kind': 'word', 'word': 'ici'}
371.19	0.1399999999999863	{'kind': 'word', 'word': 'hem'}
371.78	0.2100000000000363	{'kind': 'word', 'word': 'hem'}
372.36	0.2599999999999909	{'kind': 'word', 'word': 'dit'}
372.62	0.0899999999999749	{'kind': 'word', 'word': 'le'}
372.71	0.2900000000000204	{'kind': 'word', 'word': 'roi'}
373.48	0.169999999999959	{'kind': 'word', 'word': 'je'}
373.65	0.1800000000000068	{'kind': 'word', 'word': 'crois'}
373.83	0.2900000000000204	{'kind': 'word', 'word': 'bien'}
374.12	0.0699999999999931	{'kind': 'word', 'word': 'que'}
374.19	0.1800000000000068	{'kind': 'word', 'word': 'sur'}
374.37	0.1399999999999863	{'kind': 'word', 'word': 'ma'}
374.51	0.4200000000000159	{'kind': 'word', 'word': 'planète'}
374.93	0.1200000000000045	{'kind': 'word', 'word': 'il'}
375.05	0.1100000000000136	{'kind': 'word', 'word': 'y'}
375.16	0.0499999999999545	{'kind': 'word', 'word': 'a'}
375.21	0.3000000000000113	{'kind': 'word', 'word': 'quelque'}
375.51	0.2900000000000204	{'kind': 'word', 'word': 'part'}
375.8	0.0899999999999749	{'kind': 'word', 'word': 'un'}
375.89	0.2800000000000295	{'kind': 'word', 'word': 'vieux'}
376.17	0.3000000000000113	{'kind': 'word', 'word': 'rat'}
376.72	0.1299999999999954	{'kind': 'word', 'word': 'je'}
376.85	0.0499999999999545	{'kind': 'word', 'word': 'l'}
376.9	0.3500000000000227	{'kind': 'word', 'word': 'entends'}
377.25	0.1200000000000045	{'kind': 'word', 'word': 'la'}
377.37	0.3199999999999932	{'kind': 'word', 'word': 'nuit'}
378.07	0.1500000000000341	{'kind': 'word', 'word': 'tu'}
378.22	0.25	{'kind': 'word', 'word': 'pourras'}
378.47	0.3499999999999659	{'kind': 'word', 'word': 'juger'}
378.82	0.1700000000000159	{'kind': 'word', 'word': 'ce'}
378.99	0.1800000000000068	{'kind': 'word', 'word': 'vieux'}
379.17	0.2599999999999909	{'kind': 'word', 'word': 'rat'}
379.93	0.1100000000000136	{'kind': 'word', 'word': 'tu'}
380.04	0.1299999999999954	{'kind': 'word', 'word': 'le'}
380.17	0.7199999999999704	{'kind': 'word', 'word': 'condamneras'}
380.89	0.0200000000000386	{'kind': 'word', 'word': 'à'}
380.91	0.2799999999999727	{'kind': 'word', 'word': 'mort'}
381.19	0.1200000000000045	{'kind': 'word', 'word': 'de'}
381.31	0.2300000000000182	{'kind': 'word', 'word': 'temps'}
381.54	0.0899999999999749	{'kind': 'word', 'word': 'en'}
381.63	0.2699999999999818	{'kind': 'word', 'word': 'temps'}
382.46	0.3799999999999954	{'kind': 'word', 'word': 'ainsi'}
382.84	0.2300000000000182	{'kind': 'word', 'word': 'sa'}
383.07	0.1200000000000045	{'kind': 'word', 'word': 'vie'}
383.19	0.4900000000000091	{'kind': 'word', 'word': 'dépendra'}
383.68	0.0999999999999659	{'kind': 'word', 'word': 'de'}
383.78	0.1300000000000523	{'kind': 'word', 'word': 'ta'}
383.91	0.6999999999999886	{'kind': 'word', 'word': 'justice'}
385.12	0.1399999999999863	{'kind': 'word', 'word': 'mais'}
385.26	0.1100000000000136	{'kind': 'word', 'word': 'tu'}
385.37	0.1399999999999863	{'kind': 'word', 'word': 'le'}
385.51	0.4700000000000273	{'kind': 'word', 'word': 'gracieras'}
385.98	0.2799999999999727	{'kind': 'word', 'word': 'chaque'}
386.26	0.2900000000000204	{'kind': 'word', 'word': 'fois'}
386.55	0.1100000000000136	{'kind': 'word', 'word': 'pour'}
386.66	0.0399999999999636	{'kind': 'word', 'word': 'l'}
386.7	0.7100000000000364	{'kind': 'word', 'word': 'économiser'}
387.76	0.1000000000000227	{'kind': 'word', 'word': 'il'}
387.86	0.0699999999999931	{'kind': 'word', 'word': 'n'}
387.93	0.079999999999984	{'kind': 'word', 'word': 'y'}
388.01	0.1299999999999954	{'kind': 'word', 'word': 'en'}
388.14	0.0900000000000318	{'kind': 'word', 'word': 'a'}
388.23	0.1099999999999568	{'kind': 'word', 'word': 'qu'}
388.34	0.1300000000000523	{'kind': 'word', 'word': 'un'}
389.74	0.3700000000000045	{'kind': 'word', 'word': 'moi'}
390.3	0.5	{'kind': 'word', 'word': 'répondit'}
390.8	0.0699999999999931	{'kind': 'word', 'word': 'le'}
390.87	0.25	{'kind': 'word', 'word': 'petit'}
391.12	0.5099999999999909	{'kind': 'word', 'word': 'prince'}
391.96	0.1299999999999954	{'kind': 'word', 'word': 'je'}
392.09	0.07000000000005	{'kind': 'word', 'word': 'n'}
392.16	0.1599999999999681	{'kind': 'word', 'word': 'aime'}
392.32	0.1299999999999954	{'kind': 'word', 'word': 'pas'}
392.45	0.4600000000000364	{'kind': 'word', 'word': 'condamner'}
392.91	0.079999999999984	{'kind': 'word', 'word': 'à'}
392.99	0.3700000000000045	{'kind': 'word', 'word': 'mort'}
393.67	0.0299999999999727	{'kind': 'word', 'word': 'et'}
393.7	0.160000000000025	{'kind': 'word', 'word': 'je'}
393.86	0.1599999999999681	{'kind': 'word', 'word': 'crois'}
394.02	0.1800000000000068	{'kind': 'word', 'word': 'bien'}
394.2	0.0900000000000318	{'kind': 'word', 'word': 'que'}
394.29	0.1499999999999772	{'kind': 'word', 'word': 'je'}
394.44	0.0699999999999931	{'kind': 'word', 'word': 'm'}
394.51	0.1299999999999954	{'kind': 'word', 'word': 'en'}
394.64	0.2100000000000363	{'kind': 'word', 'word': 'vais'}
395.87	0.2699999999999818	{'kind': 'word', 'word': 'non'}
396.51	0.25	{'kind': 'word', 'word': 'dit'}
396.76	0.0400000000000204	{'kind': 'word', 'word': 'le'}
396.8	0.3100000000000023	{'kind': 'word', 'word': 'roi'}
397.93	0.2400000000000091	{'kind': 'word', 'word': 'mais'}
398.23	0.0299999999999727	{'kind': 'word', 'word': 'le'}
398.26	0.2800000000000295	{'kind': 'word', 'word': 'petit'}
398.54	0.5600000000000023	{'kind': 'word', 'word': 'prince'}
399.17	0.3899999999999863	{'kind': 'word', 'word': 'ayant'}
399.56	0.3799999999999954	{'kind': 'word', 'word': 'achevé'}
399.94	0.1899999999999977	{'kind': 'word', 'word': 'ses'}
400.13	0.8000000000000114	{'kind': 'word', 'word': 'préparatifs'}
401.34	0.1500000000000341	{'kind': 'word', 'word': 'ne'}
401.49	0.25	{'kind': 'word', 'word': 'voulut'}
401.74	0.339999999999975	{'kind': 'word', 'word': 'point'}
402.08	0.2800000000000295	{'kind': 'word', 'word': 'peiner'}
402.36	0.1200000000000045	{'kind': 'word', 'word': 'le'}
402.48	0.1899999999999977	{'kind': 'word', 'word': 'vieux'}
402.67	0.6599999999999682	{'kind': 'word', 'word': 'monarque'}
404.67	0.2699999999999818	{'kind': 'word', 'word': 'si'}
404.94	0.25	{'kind': 'word', 'word': 'votre'}
405.19	0.4900000000000091	{'kind': 'word', 'word': 'majesté'}
405.68	0.5	{'kind': 'word', 'word': 'désirait'}
406.18	0.1999999999999886	{'kind': 'word', 'word': 'être'}
406.38	0.3299999999999841	{'kind': 'word', 'word': 'obéie'}
406.71	0.7300000000000182	{'kind': 'word', 'word': 'ponctuellement'}
407.79	0.1899999999999977	{'kind': 'word', 'word': 'elle'}
407.98	0.2400000000000091	{'kind': 'word', 'word': 'pourrait'}
408.22	0.079999999999984	{'kind': 'word', 'word': 'me'}
408.3	0.2699999999999818	{'kind': 'word', 'word': 'donner'}
408.57	0.2200000000000272	{'kind': 'word', 'word': 'un'}
408.79	0.3100000000000023	{'kind': 'word', 'word': 'ordre'}
409.1	0.6399999999999864	{'kind': 'word', 'word': 'raisonnable'}
410.3	0.1899999999999977	{'kind': 'word', 'word': 'elle'}
410.49	0.2699999999999818	{'kind': 'word', 'word': 'pourrait'}
410.76	0.0500000000000113	{'kind': 'word', 'word': 'm'}
410.81	0.4599999999999795	{'kind': 'word', 'word': 'ordonner'}
411.27	0.1700000000000159	{'kind': 'word', 'word': 'par'}
411.44	0.5799999999999841	{'kind': 'word', 'word': 'exemple'}
412.32	0.1299999999999954	{'kind': 'word', 'word': 'de'}
412.45	0.4600000000000364	{'kind': 'word', 'word': 'partir'}
412.91	0.3100000000000023	{'kind': 'word', 'word': 'avant'}
413.26	0.1800000000000068	{'kind': 'word', 'word': 'une'}
413.44	0.5099999999999909	{'kind': 'word', 'word': 'minute'}
414.45	0.1800000000000068	{'kind': 'word', 'word': 'il'}
414.63	0.0400000000000204	{'kind': 'word', 'word': 'me'}
414.67	0.4300000000000068	{'kind': 'word', 'word': 'semble'}
415.1	0.079999999999984	{'kind': 'word', 'word': 'que'}
415.18	0.1399999999999863	{'kind': 'word', 'word': 'les'}
415.32	0.4599999999999795	{'kind': 'word', 'word': 'conditions'}
415.78	0.160000000000025	{'kind': 'word', 'word': 'sont'}
415.94	0.7200000000000273	{'kind': 'word', 'word': 'favorables'}
418.06	0.2199999999999704	{'kind': 'word', 'word': 'le'}
418.28	0.2800000000000295	{'kind': 'word', 'word': 'roi'}
418.56	0.0299999999999727	{'kind': 'word', 'word': 'n'}
418.59	0.3000000000000113	{'kind': 'word', 'word': 'ayant'}
418.89	0.25	{'kind': 'word', 'word': 'rien'}
419.14	0.5200000000000387	{'kind': 'word', 'word': 'répondu'}
419.94	0.1899999999999977	{'kind': 'word', 'word': 'le'}
420.13	0.2900000000000204	{'kind': 'word', 'word': 'petit'}
420.42	0.4499999999999886	{'kind': 'word', 'word': 'prince'}
420.87	0.4599999999999795	{'kind': 'word', 'word': 'hésita'}
421.33	0.0500000000000113	{'kind': 'word', 'word': 'd'}
421.38	0.4900000000000091	{'kind': 'word', 'word': 'abord'}
422.2	0.3199999999999932	{'kind': 'word', 'word': 'puis'}
422.72	0.3199999999999932	{'kind': 'word', 'word': 'avec'}
423.04	0.0999999999999659	{'kind': 'word', 'word': 'un'}
423.14	0.6200000000000045	{'kind': 'word', 'word': 'soupir'}
424.15	0.2400000000000091	{'kind': 'word', 'word': 'prit'}
424.39	0.1100000000000136	{'kind': 'word', 'word': 'le'}
424.5	0.6800000000000068	{'kind': 'word', 'word': 'départ'}
425.77	0.160000000000025	{'kind': 'word', 'word': 'je'}
425.93	0.1299999999999954	{'kind': 'word', 'word': 'te'}
426.06	0.1399999999999863	{'kind': 'word', 'word': 'fais'}
426.2	0.1500000000000341	{'kind': 'word', 'word': 'mon'}
426.35	0.8599999999999568	{'kind': 'word', 'word': 'ambassadeur'}
427.84	0.2600000000000477	{'kind': 'word', 'word': 'se'}
428.21	0.3300000000000409	{'kind': 'word', 'word': 'hâta'}
428.54	0.2799999999999727	{'kind': 'word', 'word': 'alors'}
428.82	0.1000000000000227	{'kind': 'word', 'word': 'de'}
428.92	0.3700000000000045	{'kind': 'word', 'word': 'crier'}
429.29	0.0999999999999659	{'kind': 'word', 'word': 'le'}
429.39	0.3000000000000113	{'kind': 'word', 'word': 'roi'}
430.25	0.1700000000000159	{'kind': 'word', 'word': 'il'}
430.42	0.2699999999999818	{'kind': 'word', 'word': 'avait'}
430.69	0.1800000000000068	{'kind': 'word', 'word': 'un'}
430.87	0.5	{'kind': 'word', 'word': 'grand'}
431.37	0.2400000000000091	{'kind': 'word', 'word': 'air'}
431.61	0.0500000000000113	{'kind': 'word', 'word': 'd'}
431.66	0.7199999999999704	{'kind': 'word', 'word': 'autorité'}
433.57	0.1899999999999977	{'kind': 'word', 'word': 'les'}
433.76	0.3000000000000113	{'kind': 'word', 'word': 'grandes'}
434.06	0.4499999999999886	{'kind': 'word', 'word': 'personnes'}
434.51	0.2200000000000272	{'kind': 'word', 'word': 'sont'}
434.73	0.2899999999999636	{'kind': 'word', 'word': 'bien'}
435.02	0.6299999999999955	{'kind': 'word', 'word': 'étranges'}
435.98	0.2199999999999704	{'kind': 'word', 'word': 'se'}
436.2	0.1299999999999954	{'kind': 'word', 'word': 'dit'}
436.33	0.1400000000000432	{'kind': 'word', 'word': 'le'}
436.47	0.2599999999999909	{'kind': 'word', 'word': 'petit'}
436.73	0.5399999999999636	{'kind': 'word', 'word': 'prince'}
437.36	0.1399999999999863	{'kind': 'word', 'word': 'en'}
437.5	0.1899999999999977	{'kind': 'word', 'word': 'lui'}
437.69	0.3600000000000136	{'kind': 'word', 'word': '-même'}
438.34	0.3600000000000136	{'kind': 'word', 'word': 'durant'}
438.7	0.2100000000000363	{'kind': 'word', 'word': 'son'}
438.91	0.6499999999999773	{'kind': 'word', 'word': 'voyage'}
442.72	0.079999999999984	{'kind': 'word', 'word': 'la'}
442.86	0.3799999999999954	{'kind': 'word', 'word': 'seconde'}
443.32	0.4399999999999977	{'kind': 'word', 'word': 'planète'}
443.76	0.4600000000000364	{'kind': 'word', 'word': 'était'}
444.22	0.4499999999999886	{'kind': 'word', 'word': 'habitée'}
444.67	0.169999999999959	{'kind': 'word', 'word': 'par'}
444.84	0.1500000000000341	{'kind': 'word', 'word': 'un'}
444.99	0.6100000000000136	{'kind': 'word', 'word': 'vaniteux'}
446.45	0.1500000000000341	{'kind': 'word', 'word': 'ah'}
446.76	0.410000000000025	{'kind': 'word', 'word': 'ah'}
447.17	0.3000000000000113	{'kind': 'word', 'word': 'voilà'}
447.47	0.1199999999999477	{'kind': 'word', 'word': 'la'}
447.59	0.4000000000000341	{'kind': 'word', 'word': 'visite'}
447.99	0.0299999999999727	{'kind': 'word', 'word': 'd'}
448.02	0.0900000000000318	{'kind': 'word', 'word': 'un'}
448.11	0.8700000000000045	{'kind': 'word', 'word': 'admirateur'}
449.46	0.1299999999999954	{'kind': 'word', 'word': 's'}
449.59	0.4300000000000068	{'kind': 'word', 'word': 'écria'}
450.02	0.1200000000000045	{'kind': 'word', 'word': 'de'}
450.14	0.2200000000000272	{'kind': 'word', 'word': 'loin'}
450.36	0.1599999999999681	{'kind': 'word', 'word': 'le'}
450.52	0.5600000000000023	{'kind': 'word', 'word': 'vaniteux'}
451.26	0.1399999999999863	{'kind': 'word', 'word': 'dès'}
451.4	0.1100000000000136	{'kind': 'word', 'word': 'qu'}
451.51	0.1100000000000136	{'kind': 'word', 'word': 'il'}
451.62	0.4300000000000068	{'kind': 'word', 'word': 'aperçut'}
452.05	0.1100000000000136	{'kind': 'word', 'word': 'le'}
452.16	0.2899999999999636	{'kind': 'word', 'word': 'petit'}
452.45	0.6100000000000136	{'kind': 'word', 'word': 'prince'}
453.64	0.4399999999999977	{'kind': 'word', 'word': 'car'}
454.08	0.1700000000000159	{'kind': 'word', 'word': 'pour'}
454.25	0.160000000000025	{'kind': 'word', 'word': 'les'}
454.41	0.589999999999975	{'kind': 'word', 'word': 'vaniteux'}
455.21	0.2200000000000272	{'kind': 'word', 'word': 'les'}
455.43	0.3700000000000045	{'kind': 'word', 'word': 'autres'}
455.8	0.1700000000000159	{'kind': 'word', 'word': 'hommes'}
455.97	0.1799999999999499	{'kind': 'word', 'word': 'sont'}
456.15	0.1899999999999977	{'kind': 'word', 'word': 'des'}
456.34	0.8600000000000136	{'kind': 'word', 'word': 'admirateurs'}
458.11	0.5	{'kind': 'word', 'word': 'bonjour'}
458.87	0.1899999999999977	{'kind': 'word', 'word': 'dit'}
459.06	0.079999999999984	{'kind': 'word', 'word': 'le'}
459.14	0.2700000000000386	{'kind': 'word', 'word': 'petit'}
459.41	0.5299999999999727	{'kind': 'word', 'word': 'prince'}
460.32	0.1500000000000341	{'kind': 'word', 'word': 'vous'}
460.57	0.25	{'kind': 'word', 'word': 'avez'}
460.82	0.0699999999999931	{'kind': 'word', 'word': 'un'}
460.89	0.2300000000000182	{'kind': 'word', 'word': 'drôle'}
461.12	0.079999999999984	{'kind': 'word', 'word': 'de'}
461.2	0.4499999999999886	{'kind': 'word', 'word': 'chapeau'}
462.7	0.0200000000000386	{'kind': 'word', 'word': 'c'}
462.95	0.0900000000000318	{'kind': 'word', 'word': 'est'}
463.04	0.1299999999999954	{'kind': 'word', 'word': 'pour'}
463.17	0.6099999999999568	{'kind': 'word', 'word': 'saluer'}
463.96	0.1700000000000159	{'kind': 'word', 'word': 'lui'}
464.13	0.4300000000000068	{'kind': 'word', 'word': 'répondit'}
464.56	0.1200000000000045	{'kind': 'word', 'word': 'le'}
464.68	0.5400000000000205	{'kind': 'word', 'word': 'vaniteux'}
465.48	0.1099999999999568	{'kind': 'word', 'word': 'c'}
465.59	0.07000000000005	{'kind': 'word', 'word': 'est'}
465.66	0.1299999999999954	{'kind': 'word', 'word': 'pour'}
465.79	0.4599999999999795	{'kind': 'word', 'word': 'saluer'}
466.25	0.2099999999999795	{'kind': 'word', 'word': 'quand'}
466.46	0.0800000000000409	{'kind': 'word', 'word': 'on'}
466.54	0.0499999999999545	{'kind': 'word', 'word': 'm'}
466.59	0.6100000000000136	{'kind': 'word', 'word': 'acclame'}
467.55	0.7099999999999795	{'kind': 'word', 'word': 'malheureusement'}
468.35	0.1399999999999863	{'kind': 'word', 'word': 'il'}
468.49	0.1100000000000136	{'kind': 'word', 'word': 'ne'}
468.6	0.2799999999999727	{'kind': 'word', 'word': 'passe'}
468.88	0.4499999999999886	{'kind': 'word', 'word': 'jamais'}
469.41	0.42999999999995	{'kind': 'word', 'word': 'personne'}
469.84	0.2000000000000454	{'kind': 'word', 'word': 'par'}
470.04	0.3899999999999863	{'kind': 'word', 'word': 'ici'}
471.34	0.2100000000000363	{'kind': 'word', 'word': 'ah'}
471.55	0.3000000000000113	{'kind': 'word', 'word': 'oui'}
472.19	0.1499999999999772	{'kind': 'word', 'word': 'dit'}
472.34	0.160000000000025	{'kind': 'word', 'word': 'le'}
472.5	0.2599999999999909	{'kind': 'word', 'word': 'petit'}
472.76	0.3799999999999954	{'kind': 'word', 'word': 'prince'}
473.14	0.1399999999999863	{'kind': 'word', 'word': 'qui'}
473.28	0.1300000000000523	{'kind': 'word', 'word': 'ne'}
473.41	0.3499999999999659	{'kind': 'word', 'word': 'comprit'}
473.76	0.1800000000000068	{'kind': 'word', 'word': 'pas'}
474.81	0.3000000000000113	{'kind': 'word', 'word': 'frappe'}
475.11	0.1499999999999772	{'kind': 'word', 'word': 'tes'}
475.26	0.1100000000000136	{'kind': 'word', 'word': 'mains'}
475.56	0.0400000000000204	{'kind': 'word', 'word': 'l'}
475.6	0.1599999999999681	{'kind': 'word', 'word': 'une'}
475.76	0.3000000000000113	{'kind': 'word', 'word': 'contre'}
476.06	0.0400000000000204	{'kind': 'word', 'word': 'l'}
476.1	0.3599999999999568	{'kind': 'word', 'word': 'autre'}
476.7	0.4900000000000091	{'kind': 'word', 'word': 'conseilla'}
477.19	0.2699999999999818	{'kind': 'word', 'word': 'donc'}
477.46	0.1299999999999954	{'kind': 'word', 'word': 'le'}
477.59	0.5600000000000023	{'kind': 'word', 'word': 'vaniteux'}
479.1	0.169999999999959	{'kind': 'word', 'word': 'le'}
479.27	0.3100000000000023	{'kind': 'word', 'word': 'petit'}
479.58	0.3700000000000045	{'kind': 'word', 'word': 'prince'}
479.95	0.3799999999999954	{'kind': 'word', 'word': 'frappa'}
480.33	0.1700000000000159	{'kind': 'word', 'word': 'ses'}
480.5	0.2599999999999909	{'kind': 'word', 'word': 'mains'}
480.76	0.1000000000000227	{'kind': 'word', 'word': 'l'}
480.86	0.2099999999999795	{'kind': 'word', 'word': 'une'}
481.07	0.3400000000000318	{'kind': 'word', 'word': 'contre'}
481.41	0.0699999999999931	{'kind': 'word', 'word': 'l'}
481.48	0.3899999999999863	{'kind': 'word', 'word': 'autre'}
482.44	0.1200000000000045	{'kind': 'word', 'word': 'le'}
482.56	0.5	{'kind': 'word', 'word': 'vaniteux'}
483.06	0.5	{'kind': 'word', 'word': 'salua'}
483.56	0.9599999999999796	{'kind': 'word', 'word': 'modestement'}
484.52	0.0200000000000386	{'kind': 'word', 'word': 'en'}
484.54	0.5299999999999727	{'kind': 'word', 'word': 'soulevant'}
485.07	0.160000000000025	{'kind': 'word', 'word': 'son'}
485.23	0.3899999999999863	{'kind': 'word', 'word': 'chapeau'}
486.66	0.2099999999999795	{'kind': 'word', 'word': 'ça'}
486.87	0.1000000000000227	{'kind': 'word', 'word': 'c'}
486.97	0.0899999999999749	{'kind': 'word', 'word': 'est'}
487.06	0.2099999999999795	{'kind': 'word', 'word': 'plus'}
487.27	0.4200000000000159	{'kind': 'word', 'word': 'amusant'}
487.69	0.1000000000000227	{'kind': 'word', 'word': 'que'}
487.79	0.1599999999999681	{'kind': 'word', 'word': 'la'}
487.95	0.3199999999999932	{'kind': 'word', 'word': 'visite'}
488.27	0.035000000000025	{'kind': 'word', 'word': 'au'}
488.305	0.0349999999999681	{'kind': 'word', 'word': ' '}
488.34	0.25	{'kind': 'word', 'word': 'roi'}
489.01	0.1899999999999977	{'kind': 'word', 'word': 'se'}
489.2	0.1999999999999886	{'kind': 'word', 'word': 'dit'}
489.4	0.0900000000000318	{'kind': 'word', 'word': 'en'}
489.49	0.1499999999999772	{'kind': 'word', 'word': 'lui'}
489.64	0.2800000000000295	{'kind': 'word', 'word': '-même'}
489.92	0.1299999999999954	{'kind': 'word', 'word': 'le'}
490.05	0.2599999999999909	{'kind': 'word', 'word': 'petit'}
490.31	0.5799999999999841	{'kind': 'word', 'word': 'prince'}
491.38	0.0900000000000318	{'kind': 'word', 'word': 'et'}
491.47	0.0699999999999931	{'kind': 'word', 'word': 'il'}
491.54	0.6899999999999977	{'kind': 'word', 'word': 'recommença'}
492.23	0.0999999999999659	{'kind': 'word', 'word': 'de'}
492.33	0.4000000000000341	{'kind': 'word', 'word': 'frapper'}
492.73	0.1999999999999886	{'kind': 'word', 'word': 'ses'}
492.93	0.2099999999999795	{'kind': 'word', 'word': 'mains'}
493.14	0.1200000000000045	{'kind': 'word', 'word': 'l'}
493.26	0.2100000000000363	{'kind': 'word', 'word': 'une'}
493.51	0.3500000000000227	{'kind': 'word', 'word': 'contre'}
493.86	0.0699999999999931	{'kind': 'word', 'word': 'l'}
493.93	0.3799999999999954	{'kind': 'word', 'word': 'autre'}
495.25	0.1100000000000136	{'kind': 'word', 'word': 'le'}
495.48	0.4499999999999886	{'kind': 'word', 'word': 'vaniteux'}
495.93	0.6200000000000045	{'kind': 'word', 'word': 'recommença'}
496.55	0.1100000000000136	{'kind': 'word', 'word': 'de'}
496.66	0.6099999999999568	{'kind': 'word', 'word': 'saluer'}
497.34	0.1300000000000523	{'kind': 'word', 'word': 'en'}
497.47	0.4899999999999522	{'kind': 'word', 'word': 'soulevant'}
497.96	0.1700000000000159	{'kind': 'word', 'word': 'son'}
498.13	0.4499999999999886	{'kind': 'word', 'word': 'chapeau'}
499.63	0.410000000000025	{'kind': 'word', 'word': 'après'}
500.15	0.1200000000000045	{'kind': 'word', 'word': 'cinq'}
500.27	0.4500000000000455	{'kind': 'word', 'word': 'minutes'}
500.72	0.0599999999999454	{'kind': 'word', 'word': 'd'}
500.78	0.8500000000000227	{'kind': 'word', 'word': 'exercice'}
501.74	0.1999999999999886	{'kind': 'word', 'word': 'le'}
501.94	0.2800000000000295	{'kind': 'word', 'word': 'petit'}
502.22	0.4599999999999795	{'kind': 'word', 'word': 'prince'}
502.68	0.0699999999999931	{'kind': 'word', 'word': 'se'}
502.75	0.5699999999999932	{'kind': 'word', 'word': 'fatigua'}
503.32	0.1299999999999954	{'kind': 'word', 'word': 'de'}
503.45	0.1200000000000045	{'kind': 'word', 'word': 'la'}
503.57	0.5500000000000114	{'kind': 'word', 'word': 'monotonie'}
504.12	0.0699999999999931	{'kind': 'word', 'word': 'du'}
504.19	0.0699999999999931	{'kind': 'word', 'word': ' '}
504.26	0.2400000000000091	{'kind': 'word', 'word': 'jeu'}
505.76	0.0500000000000113	{'kind': 'word', 'word': 'et'}
505.81	0.1700000000000159	{'kind': 'word', 'word': 'pour'}
505.98	0.1399999999999863	{'kind': 'word', 'word': 'que'}
506.12	0.0899999999999749	{'kind': 'word', 'word': 'le'}
506.21	0.3900000000000432	{'kind': 'word', 'word': 'chapeau'}
506.6	0.5299999999999727	{'kind': 'word', 'word': 'tombe'}
507.4	0.4200000000000159	{'kind': 'word', 'word': 'demanda'}
507.82	0.25	{'kind': 'word', 'word': '-t'}
508.07	0.1700000000000159	{'kind': 'word', 'word': '-il'}
508.71	0.1500000000000341	{'kind': 'word', 'word': 'que'}
508.86	0.2400000000000091	{'kind': 'word', 'word': 'faut'}
509.1	0.1499999999999772	{'kind': 'word', 'word': '-il'}
509.25	0.4700000000000273	{'kind': 'word', 'word': 'faire'}
510.57	0.2900000000000204	{'kind': 'word', 'word': 'mais'}
510.86	0.0899999999999749	{'kind': 'word', 'word': 'le'}
510.95	0.4499999999999886	{'kind': 'word', 'word': 'vaniteux'}
511.44	0.1499999999999772	{'kind': 'word', 'word': 'ne'}
511.59	0.0400000000000204	{'kind': 'word', 'word': 'l'}
511.63	0.5299999999999727	{'kind': 'word', 'word': 'entendit'}
512.16	0.2000000000000454	{'kind': 'word', 'word': 'pas'}
512.81	0.1800000000000636	{'kind': 'word', 'word': 'les'}
512.99	0.4900000000000091	{'kind': 'word', 'word': 'vaniteux'}
513.48	0.0599999999999454	{'kind': 'word', 'word': 'n'}
513.54	0.4500000000000455	{'kind': 'word', 'word': 'entendent'}
513.99	0.4800000000000182	{'kind': 'word', 'word': 'jamais'}
514.62	0.2000000000000454	{'kind': 'word', 'word': 'que'}
514.82	0.1599999999999681	{'kind': 'word', 'word': 'les'}
514.98	0.6499999999999773	{'kind': 'word', 'word': 'louanges'}
516.77	0.1399999999999863	{'kind': 'word', 'word': 'est'}
516.91	0.0400000000000773	{'kind': 'word', 'word': '-ce'}
516.95	0.099999999999909	{'kind': 'word', 'word': 'que'}
517.05	0.1299999999999954	{'kind': 'word', 'word': 'tu'}
517.18	0.0300000000000864	{'kind': 'word', 'word': 'm'}
517.21	0.3799999999999954	{'kind': 'word', 'word': 'admires'}
517.59	0.2599999999999909	{'kind': 'word', 'word': 'vraiment'}
517.85	0.4700000000000273	{'kind': 'word', 'word': 'beaucoup'}
518.74	0.3899999999999863	{'kind': 'word', 'word': 'demanda'}
519.13	0.1000000000000227	{'kind': 'word', 'word': '-t'}
519.23	0.1399999999999863	{'kind': 'word', 'word': '-il'}
519.37	0.0500000000000682	{'kind': 'word', 'word': 'au'}
519.4200000000001	0.0499999999999545	{'kind': 'word', 'word': ' '}
519.47	0.2699999999999818	{'kind': 'word', 'word': 'petit'}
519.74	0.5699999999999363	{'kind': 'word', 'word': 'prince'}
520.94	0.1199999999998908	{'kind': 'word', 'word': 'qu'}
521.06	0.1100000000000136	{'kind': 'word', 'word': 'est'}
521.17	0.0300000000000864	{'kind': 'word', 'word': '-ce'}
521.2	0.0899999999999181	{'kind': 'word', 'word': 'que'}
521.29	0.5400000000000773	{'kind': 'word', 'word': 'signifie'}
521.92	0.5099999999999909	{'kind': 'word', 'word': 'admirer'}
523.19	0.67999999999995	{'kind': 'word', 'word': 'admirer'}
523.87	0.3999999999999772	{'kind': 'word', 'word': 'signifie'}
524.27	0.6000000000000227	{'kind': 'word', 'word': 'reconnaître'}
524.87	0.0900000000000318	{'kind': 'word', 'word': 'que'}
524.96	0.1200000000000045	{'kind': 'word', 'word': 'je'}
525.08	0.2099999999999227	{'kind': 'word', 'word': 'suis'}
525.29	0.07000000000005	{'kind': 'word', 'word': 'l'}
525.36	0.1499999999999772	{'kind': 'word', 'word': 'homme'}
525.51	0.1800000000000636	{'kind': 'word', 'word': 'le'}
525.69	0.169999999999959	{'kind': 'word', 'word': 'plus'}
525.86	0.3700000000000045	{'kind': 'word', 'word': 'beau'}
526.23	0.1399999999999863	{'kind': 'word', 'word': 'le'}
526.37	0.2000000000000454	{'kind': 'word', 'word': 'mieux'}
526.62	0.5399999999999636	{'kind': 'word', 'word': 'habillé'}
527.16	0.1600000000000818	{'kind': 'word', 'word': 'le'}
527.32	0.1299999999999954	{'kind': 'word', 'word': 'plus'}
527.45	0.5199999999999818	{'kind': 'word', 'word': 'riche'}
528.06	0.07000000000005	{'kind': 'word', 'word': 'et'}
528.13	0.1200000000000045	{'kind': 'word', 'word': 'le'}
528.25	0.3400000000000318	{'kind': 'word', 'word': 'plus'}
528.59	0.6699999999999591	{'kind': 'word', 'word': 'intelligent'}
529.26	0.0900000000000318	{'kind': 'word', 'word': 'de'}
529.35	0.1200000000000045	{'kind': 'word', 'word': 'la'}
529.47	0.5399999999999636	{'kind': 'word', 'word': 'planète'}
531.08	0.169999999999959	{'kind': 'word', 'word': 'mais'}
531.25	0.1599999999999681	{'kind': 'word', 'word': 'tu'}
531.41	0.1700000000000727	{'kind': 'word', 'word': 'es'}
531.64	0.2200000000000272	{'kind': 'word', 'word': 'seul'}
531.86	0.1799999999999499	{'kind': 'word', 'word': 'sur'}
532.04	0.1600000000000818	{'kind': 'word', 'word': 'ta'}
532.2	0.5099999999999909	{'kind': 'word', 'word': 'planète'}
533.53	0.1700000000000727	{'kind': 'word', 'word': 'fais'}
533.7	0.169999999999959	{'kind': 'word', 'word': '-moi'}
533.87	0.1200000000000045	{'kind': 'word', 'word': 'ce'}
533.99	0.6699999999999591	{'kind': 'word', 'word': 'plaisir'}
534.84	0.3299999999999272	{'kind': 'word', 'word': 'admire'}
535.17	0.1399999999999863	{'kind': 'word', 'word': '-moi'}
535.31	0.1500000000000909	{'kind': 'word', 'word': 'quand'}
535.46	0.3799999999999954	{'kind': 'word', 'word': 'même'}
537.03	0.2000000000000454	{'kind': 'word', 'word': 'je'}
537.23	0.0499999999999545	{'kind': 'word', 'word': 't'}
537.28	0.5199999999999818	{'kind': 'word', 'word': 'admire'}
537.96	0.2400000000000091	{'kind': 'word', 'word': 'dit'}
538.2	0.0399999999999636	{'kind': 'word', 'word': 'le'}
538.24	0.2999999999999545	{'kind': 'word', 'word': 'petit'}
538.54	0.4900000000000091	{'kind': 'word', 'word': 'prince'}
539.1	0.1599999999999681	{'kind': 'word', 'word': 'en'}
539.26	0.3100000000000591	{'kind': 'word', 'word': 'haussant'}
539.57	0.1299999999999954	{'kind': 'word', 'word': 'un'}
539.7	0.1200000000000045	{'kind': 'word', 'word': 'peu'}
539.82	0.1899999999999408	{'kind': 'word', 'word': 'les'}
540.01	0.4500000000000455	{'kind': 'word', 'word': 'épaules'}
540.97	0.25	{'kind': 'word', 'word': 'mais'}
541.22	0.1000000000000227	{'kind': 'word', 'word': 'en'}
541.32	0.2699999999999818	{'kind': 'word', 'word': 'quoi'}
541.59	0.3099999999999454	{'kind': 'word', 'word': 'cela'}
541.9	0.2100000000000363	{'kind': 'word', 'word': 'peut'}
542.11	0.1200000000000045	{'kind': 'word', 'word': '-il'}
542.23	0.2100000000000363	{'kind': 'word', 'word': 'bien'}
542.44	0.0699999999999363	{'kind': 'word', 'word': 't'}
542.51	0.7300000000000182	{'kind': 'word', 'word': 'intéresser'}
544.24	0.0399999999999636	{'kind': 'word', 'word': 'et'}
544.28	0.0400000000000773	{'kind': 'word', 'word': 'le'}
544.32	0.3999999999999772	{'kind': 'word', 'word': 'petit'}
544.72	0.4801690000001599	{'kind': 'word', 'word': 'prince'}
545.2001690000002	0.0898309999997764	{'kind': 'word', 'word': 's'}
545.29	0.07000000000005	{'kind': 'word', 'word': 'en'}
545.36	0.3899999999999863	{'kind': 'word', 'word': 'fut'}
546.8	0.2000000000000454	{'kind': 'word', 'word': 'les'}
547.0	0.2999999999999545	{'kind': 'word', 'word': 'grandes'}
547.3	0.4200000000000727	{'kind': 'word', 'word': 'personnes'}
547.72	0.1899999999999408	{'kind': 'word', 'word': 'sont'}
547.91	0.6000000000000227	{'kind': 'word', 'word': 'décidément'}
548.51	0.3700000000000045	{'kind': 'word', 'word': 'bien'}
548.88	0.6900000000000546	{'kind': 'word', 'word': 'bizarres'}
549.95	0.2099999999999227	{'kind': 'word', 'word': 'se'}
550.16	0.2300000000000182	{'kind': 'word', 'word': 'dit'}
550.39	0.169999999999959	{'kind': 'word', 'word': '-il'}
550.56	0.6900000000000546	{'kind': 'word', 'word': 'simplement'}
551.25	0.0199999999999818	{'kind': 'word', 'word': 'en'}
551.27	0.1900000000000545	{'kind': 'word', 'word': 'lui'}
551.46	0.3799999999999954	{'kind': 'word', 'word': '-même'}
552.0	0.3500000000000227	{'kind': 'word', 'word': 'durant'}
552.35	0.1999999999999318	{'kind': 'word', 'word': 'son'}
552.55	0.7000000000000455	{'kind': 'word', 'word': 'voyage'}
556.37	0.07000000000005	{'kind': 'word', 'word': 'la'}
556.53	0.3400000000000318	{'kind': 'word', 'word': 'planète'}
556.93	0.5600000000000591	{'kind': 'word', 'word': 'suivante'}
557.49	0.4399999999999409	{'kind': 'word', 'word': 'était'}
557.93	0.4100000000000818	{'kind': 'word', 'word': 'habitée'}
558.34	0.169999999999959	{'kind': 'word', 'word': 'par'}
558.51	0.1399999999999863	{'kind': 'word', 'word': 'un'}
558.65	0.6599999999999682	{'kind': 'word', 'word': 'buveur'}
559.8	0.3500000000000227	{'kind': 'word', 'word': 'cette'}
560.15	0.3700000000000045	{'kind': 'word', 'word': 'visite'}
560.52	0.1800000000000636	{'kind': 'word', 'word': 'fut'}
560.7	0.2699999999999818	{'kind': 'word', 'word': 'très'}
560.97	0.5	{'kind': 'word', 'word': 'courte'}
561.54	0.2900000000000773	{'kind': 'word', 'word': 'mais'}
561.83	0.1499999999999772	{'kind': 'word', 'word': 'elle'}
561.98	0.4399999999999409	{'kind': 'word', 'word': 'plongea'}
562.42	0.1200000000000045	{'kind': 'word', 'word': 'le'}
562.54	0.2800000000000864	{'kind': 'word', 'word': 'petit'}
562.82	0.3700000000000045	{'kind': 'word', 'word': 'prince'}
563.19	0.2099999999999227	{'kind': 'word', 'word': 'dans'}
563.4	0.1499999999999772	{'kind': 'word', 'word': 'une'}
563.55	0.5900000000000318	{'kind': 'word', 'word': 'grande'}
564.14	0.6900000000000546	{'kind': 'word', 'word': 'mélancolie'}
566.47	0.0399999999999636	{'kind': 'word', 'word': 'que'}
566.58	0.0899999999999181	{'kind': 'word', 'word': 'fais'}
566.73	0.1100000000000136	{'kind': 'word', 'word': '-tu'}
566.9	0.0600000000000591	{'kind': 'word', 'word': 'là'}
567.54	0.1900000000000545	{'kind': 'word', 'word': 'dit'}
567.83	0.0499999999999545	{'kind': 'word', 'word': 'il'}
567.88	0.0400000000000773	{'kind': 'word', 'word': 'au'}
567.9200000000001	0.0399999999999636	{'kind': 'word', 'word': ' '}
567.96	0.5899999999999181	{'kind': 'word', 'word': 'buveur'}
568.87	0.0599999999999454	{'kind': 'word', 'word': 'qu'}
568.93	0.1299999999999954	{'kind': 'word', 'word': 'il'}
569.06	0.4300000000000636	{'kind': 'word', 'word': 'trouva'}
569.49	0.5499999999999545	{'kind': 'word', 'word': 'installé'}
570.04	0.1100000000000136	{'kind': 'word', 'word': 'en'}
570.15	0.5299999999999727	{'kind': 'word', 'word': 'silence'}
570.68	0.3100000000000591	{'kind': 'word', 'word': 'devant'}
570.99	0.2300000000000182	{'kind': 'word', 'word': 'une'}
571.22	0.5799999999999272	{'kind': 'word', 'word': 'collection'}
571.8	0.1200000000000045	{'kind': 'word', 'word': 'de'}
571.92	0.4600000000000364	{'kind': 'word', 'word': 'bouteilles'}
572.38	0.4400000000000545	{'kind': 'word', 'word': 'vides'}
573.24	0.1000000000000227	{'kind': 'word', 'word': 'et'}
573.34	0.2099999999999227	{'kind': 'word', 'word': 'une'}
573.55	0.6200000000000045	{'kind': 'word', 'word': 'collection'}
574.25	0.1799999999999499	{'kind': 'word', 'word': 'de'}
574.43	0.4100000000000818	{'kind': 'word', 'word': 'bouteilles'}
574.92	0.4400000000000545	{'kind': 'word', 'word': 'pleines'}
576.54	0.2000000000000454	{'kind': 'word', 'word': 'je'}
576.81	0.3500000000000227	{'kind': 'word', 'word': 'bois'}
578.02	0.3500000000000227	{'kind': 'word', 'word': 'repondit'}
578.556823	0.0431770000000142	{'kind': 'word', 'word': 'le'}
578.6	0.5699999999999363	{'kind': 'word', 'word': 'buveur'}
579.17	0.07000000000005	{'kind': 'word', 'word': 'd'}
579.24	0.1399999999999863	{'kind': 'word', 'word': 'un'}
579.38	0.2000000000000454	{'kind': 'word', 'word': 'air'}
579.58	0.7400000000000091	{'kind': 'word', 'word': 'lugubre'}
581.26	0.3600000000000136	{'kind': 'word', 'word': 'pourquoi'}
581.62	0.1599999999999681	{'kind': 'word', 'word': 'bois'}
581.78	0.3300000000000409	{'kind': 'word', 'word': '-tu'}
582.86	0.2300000000000182	{'kind': 'word', 'word': 'lui'}
583.09	0.3099999999999454	{'kind': 'word', 'word': 'demanda'}
583.4	0.1100000000000136	{'kind': 'word', 'word': 'le'}
583.51	0.25	{'kind': 'word', 'word': 'petit'}
583.76	0.6000000000000227	{'kind': 'word', 'word': 'prince'}
584.97	0.5	{'kind': 'word', 'word': 'pour'}
585.47	0.6299999999999955	{'kind': 'word', 'word': 'oublier'}
586.57	0.5099999999999909	{'kind': 'word', 'word': 'répondit'}
587.08	0.0699999999999363	{'kind': 'word', 'word': 'le'}
587.15	0.5500000000000682	{'kind': 'word', 'word': 'buveur'}
588.9	0.2400000000000091	{'kind': 'word', 'word': 'pour'}
589.14	0.3400000000000318	{'kind': 'word', 'word': 'oublier'}
589.48	0.4099999999999681	{'kind': 'word', 'word': 'quoi'}
590.29	0.1600000000000818	{'kind': 'word', 'word': 's'}
590.45	0.4199999999999591	{'kind': 'word', 'word': 'enquit'}
590.87	0.0900000000000318	{'kind': 'word', 'word': 'le'}
590.96	0.3099999999999454	{'kind': 'word', 'word': 'petit'}
591.27	0.4099999999999681	{'kind': 'word', 'word': 'prince'}
591.68	0.2300000000000182	{'kind': 'word', 'word': 'qui'}
591.91	0.5400000000000773	{'kind': 'word', 'word': 'déjà'}
592.45	0.1200000000000045	{'kind': 'word', 'word': 'le'}
592.57	0.4599999999999227	{'kind': 'word', 'word': 'plaignait'}
594.27	0.2000000000000454	{'kind': 'word', 'word': 'pour'}
594.47	0.42999999999995	{'kind': 'word', 'word': 'oublier'}
594.9	0.1000000000000227	{'kind': 'word', 'word': 'que'}
595.0	0.0299999999999727	{'kind': 'word', 'word': 'j'}
595.03	0.1900000000000545	{'kind': 'word', 'word': 'ai'}
595.22	0.6000000000000227	{'kind': 'word', 'word': 'honte'}
596.2	0.42999999999995	{'kind': 'word', 'word': 'avoua'}
596.63	0.1399999999999863	{'kind': 'word', 'word': 'le'}
596.77	0.5600000000000591	{'kind': 'word', 'word': 'buveur'}
597.33	0.1599999999999681	{'kind': 'word', 'word': 'en'}
597.49	0.3400000000000318	{'kind': 'word', 'word': 'baissant'}
597.83	0.1599999999999681	{'kind': 'word', 'word': 'la'}
597.99	0.3999999999999772	{'kind': 'word', 'word': 'tête'}
599.3	0.3000000000000682	{'kind': 'word', 'word': 'honte'}
599.67	0.0900000000000318	{'kind': 'word', 'word': 'de'}
599.76	0.3400000000000318	{'kind': 'word', 'word': 'quoi'}
600.73	0.1499999999999772	{'kind': 'word', 'word': 's'}
600.88	0.3899999999999863	{'kind': 'word', 'word': 'informa'}
601.27	0.1299999999999954	{'kind': 'word', 'word': 'le'}
601.4	0.2799999999999727	{'kind': 'word', 'word': 'petit'}
601.68	0.4400000000000545	{'kind': 'word', 'word': 'prince'}
602.12	0.1100000000000136	{'kind': 'word', 'word': 'qui'}
602.23	0.4900000000000091	{'kind': 'word', 'word': 'désirait'}
602.72	0.1200000000000045	{'kind': 'word', 'word': 'le'}
602.84	0.6399999999999864	{'kind': 'word', 'word': 'secourir'}
604.63	0.3600000000000136	{'kind': 'word', 'word': 'honte'}
604.99	0.169999999999959	{'kind': 'word', 'word': 'de'}
605.16	0.7000000000000455	{'kind': 'word', 'word': 'boire'}
606.33	0.4599999999999227	{'kind': 'word', 'word': 'acheva'}
606.79	0.1399999999999863	{'kind': 'word', 'word': 'le'}
606.93	0.57000000000005	{'kind': 'word', 'word': 'buveur'}
607.5	0.2200000000000272	{'kind': 'word', 'word': 'qui'}
607.72	0.1200000000000045	{'kind': 'word', 'word': 's'}
607.84	0.5299999999999727	{'kind': 'word', 'word': 'enferma'}
608.47	0.9900000000000092	{'kind': 'word', 'word': 'définitivement'}
609.46	0.1399999999999863	{'kind': 'word', 'word': 'dans'}
609.6	0.1100000000000136	{'kind': 'word', 'word': 'le'}
609.71	0.8099999999999454	{'kind': 'word', 'word': 'silence'}
611.48	0.1000000000000227	{'kind': 'word', 'word': 'et'}
611.58	0.1100000000000136	{'kind': 'word', 'word': 'le'}
611.69	0.2999999999999545	{'kind': 'word', 'word': 'petit'}
611.99	0.3500000000000227	{'kind': 'word', 'word': 'prince'}
612.42	0.07000000000005	{'kind': 'word', 'word': 's'}
612.49	0.1000000000000227	{'kind': 'word', 'word': 'en'}
612.59	0.4099999999999681	{'kind': 'word', 'word': 'fut'}
613.22	0.75	{'kind': 'word', 'word': 'perplexe'}
615.17	0.07000000000005	{'kind': 'word', 'word': 'les'}
615.24	0.3099999999999454	{'kind': 'word', 'word': 'grandes'}
615.55	0.4600000000000364	{'kind': 'word', 'word': 'personnes'}
616.01	0.2100000000000363	{'kind': 'word', 'word': 'sont'}
616.22	0.6499999999999773	{'kind': 'word', 'word': 'décidément'}
616.87	0.3700000000000045	{'kind': 'word', 'word': 'très'}
617.24	0.3500000000000227	{'kind': 'word', 'word': 'très'}
617.59	0.6000000000000227	{'kind': 'word', 'word': 'bizarres'}
618.65	0.2200000000000272	{'kind': 'word', 'word': 'se'}
618.87	0.3999999999999772	{'kind': 'word', 'word': 'disait'}
619.27	0.1299999999999954	{'kind': 'word', 'word': '-il'}
619.4	0.0800000000000409	{'kind': 'word', 'word': 'en'}
619.48	0.1999999999999318	{'kind': 'word', 'word': 'lui'}
619.68	0.3700000000000045	{'kind': 'word', 'word': '-même'}
620.22	0.3799999999999954	{'kind': 'word', 'word': 'durant'}
620.6	0.1000000000000227	{'kind': 'word', 'word': 'le'}
620.7	0.7199999999999136	{'kind': 'word', 'word': 'voyage'}
