word	onset	duration	trial_type
"""bonjour,"	0.7	0.3	{'kind': 'word', 'word': 'bonjour'}
dit	1.0499999999999998	0.3	{'kind': 'word', 'word': 'dit'}
le	1.3999999999999997	0.3	{'kind': 'word', 'word': 'le'}
petit	1.7499999999999996	0.3	{'kind': 'word', 'word': 'petit'}
prince.	2.1	0.3	{'kind': 'word', 'word': 'prince'}
"-bonjour"","	2.4499999999999997	0.3	{'kind': 'word', 'word': 'bonjour'}
dit	2.799999999999999	0.3	{'kind': 'word', 'word': 'dit'}
le	3.1499999999999995	0.3	{'kind': 'word', 'word': 'le'}
marchand.	3.499999999999999	0.3	{'kind': 'word', 'word': 'marchand'}
C'était	3.849999999999999	0.3	{'kind': 'word', 'word': 'Cétait'}
un	4.199999999999998	0.3	{'kind': 'word', 'word': 'un'}
marchand	4.549999999999999	0.3	{'kind': 'word', 'word': 'marchand'}
de	4.899999999999999	0.3	{'kind': 'word', 'word': 'de'}
pilules	5.249999999999998	0.3	{'kind': 'word', 'word': 'pilules'}
perfectionnées	5.599999999999999	0.3	{'kind': 'word', 'word': 'perfectionnées'}
qui	5.949999999999998	0.3	{'kind': 'word', 'word': 'qui'}
apaisent	6.299999999999998	0.3	{'kind': 'word', 'word': 'apaisent'}
la	6.649999999999998	0.3	{'kind': 'word', 'word': 'la'}
soif.	6.999999999999997	0.3	{'kind': 'word', 'word': 'soif'}
On	7.349999999999998	0.3	{'kind': 'word', 'word': 'On'}
en	7.699999999999997	0.3	{'kind': 'word', 'word': 'en'}
avale	8.049999999999997	0.3	{'kind': 'word', 'word': 'avale'}
une	8.399999999999997	0.3	{'kind': 'word', 'word': 'une'}
par	8.749999999999996	0.3	{'kind': 'word', 'word': 'par'}
semaine	9.099999999999996	0.3	{'kind': 'word', 'word': 'semaine'}
et	9.449999999999996	0.3	{'kind': 'word', 'word': 'et'}
l'on	9.799999999999995	0.3	{'kind': 'word', 'word': 'lon'}
n'éprouve	10.149999999999997	0.3	{'kind': 'word', 'word': 'néprouve'}
plus	10.499999999999996	0.3	{'kind': 'word', 'word': 'plus'}
le	10.849999999999996	0.3	{'kind': 'word', 'word': 'le'}
besoin	11.199999999999996	0.3	{'kind': 'word', 'word': 'besoin'}
de	11.549999999999995	0.3	{'kind': 'word', 'word': 'de'}
boire.	11.899999999999997	0.3	{'kind': 'word', 'word': 'boire'}
"""pourquoi"	12.249999999999996	0.3	{'kind': 'word', 'word': 'pourquoi'}
vends-tu	12.599999999999994	0.3	{'kind': 'word', 'word': 'vendstu'}
ça?	12.949999999999994	0.3	{'kind': 'word', 'word': 'ça'}
Dit	13.299999999999994	0.3	{'kind': 'word', 'word': 'Dit'}
le	13.649999999999997	0.3	{'kind': 'word', 'word': 'le'}
petit	13.999999999999996	0.3	{'kind': 'word', 'word': 'petit'}
prince.	14.349999999999994	0.3	{'kind': 'word', 'word': 'prince'}
-c'est	14.699999999999994	0.3	{'kind': 'word', 'word': 'cest'}
une	15.049999999999994	0.3	{'kind': 'word', 'word': 'une'}
grosse	15.399999999999991	0.3	{'kind': 'word', 'word': 'grosse'}
économie	15.749999999999991	0.3	{'kind': 'word', 'word': 'économie'}
de	16.099999999999994	0.3	{'kind': 'word', 'word': 'de'}
temps,	16.449999999999996	0.3	{'kind': 'word', 'word': 'temps'}
dit	16.799999999999994	0.3	{'kind': 'word', 'word': 'dit'}
le	17.14999999999999	0.3	{'kind': 'word', 'word': 'le'}
marchand.	17.499999999999993	0.3	{'kind': 'word', 'word': 'marchand'}
Les	17.849999999999994	0.3	{'kind': 'word', 'word': 'Les'}
experts	18.199999999999992	0.3	{'kind': 'word', 'word': 'experts'}
ont	18.549999999999997	0.3	{'kind': 'word', 'word': 'ont'}
fait	18.89999999999999	0.3	{'kind': 'word', 'word': 'fait'}
des	19.249999999999996	0.3	{'kind': 'word', 'word': 'des'}
calculs.	19.59999999999999	0.3	{'kind': 'word', 'word': 'calculs'}
On	19.949999999999992	0.3	{'kind': 'word', 'word': 'On'}
épargne	20.299999999999997	0.3	{'kind': 'word', 'word': 'épargne'}
cinquante-trois	20.64999999999999	0.3	{'kind': 'word', 'word': 'cinquantetrois'}
minutes	20.999999999999996	0.3	{'kind': 'word', 'word': 'minutes'}
par	21.34999999999999	0.3	{'kind': 'word', 'word': 'par'}
semaine.	21.699999999999992	0.3	{'kind': 'word', 'word': 'semaine'}
-et	22.04999999999999	0.3	{'kind': 'word', 'word': 'et'}
que	22.39999999999999	0.3	{'kind': 'word', 'word': 'que'}
fait-on	22.74999999999999	0.3	{'kind': 'word', 'word': 'faiton'}
de	23.09999999999999	0.3	{'kind': 'word', 'word': 'de'}
ces	23.449999999999992	0.3	{'kind': 'word', 'word': 'ces'}
cinquante-trois	23.79999999999999	0.3	{'kind': 'word', 'word': 'cinquantetrois'}
minutes?	24.14999999999999	0.3	{'kind': 'word', 'word': 'minutes'}
-on	24.49999999999999	0.3	{'kind': 'word', 'word': 'on'}
en	24.84999999999999	0.3	{'kind': 'word', 'word': 'en'}
fait	25.19999999999999	0.3	{'kind': 'word', 'word': 'fait'}
ce	25.54999999999999	0.3	{'kind': 'word', 'word': 'ce'}
que	25.899999999999988	0.3	{'kind': 'word', 'word': 'que'}
l'on	26.24999999999999	0.3	{'kind': 'word', 'word': 'lon'}
"veut..."""	26.59999999999999	0.3	{'kind': 'word', 'word': 'veut'}
"""moi,"	26.94999999999999	0.3	{'kind': 'word', 'word': 'moi'}
se	27.29999999999999	0.3	{'kind': 'word', 'word': 'se'}
dit	27.649999999999988	0.3	{'kind': 'word', 'word': 'dit'}
le	27.99999999999999	0.3	{'kind': 'word', 'word': 'le'}
petit	28.349999999999987	0.3	{'kind': 'word', 'word': 'petit'}
prince,	28.69999999999999	0.3	{'kind': 'word', 'word': 'prince'}
si	29.04999999999999	0.3	{'kind': 'word', 'word': 'si'}
j'avais	29.399999999999988	0.3	{'kind': 'word', 'word': 'javais'}
cinquante-trois	29.74999999999999	0.3	{'kind': 'word', 'word': 'cinquantetrois'}
minutes	30.099999999999987	0.3	{'kind': 'word', 'word': 'minutes'}
à	30.44999999999999	0.3	{'kind': 'word', 'word': 'à'}
dépenser,	30.799999999999983	0.3	{'kind': 'word', 'word': 'dépenser'}
je	31.149999999999988	0.3	{'kind': 'word', 'word': 'je'}
marcherais	31.49999999999999	0.3	{'kind': 'word', 'word': 'marcherais'}
tout	31.849999999999987	0.3	{'kind': 'word', 'word': 'tout'}
doucement	32.19999999999999	0.3	{'kind': 'word', 'word': 'doucement'}
vers	32.54999999999999	0.3	{'kind': 'word', 'word': 'vers'}
une	32.89999999999999	0.3	{'kind': 'word', 'word': 'une'}
"fontaine..."""	33.24999999999999	0.3	{'kind': 'word', 'word': 'fontaine'}
Nous	33.59999999999999	0.3	{'kind': 'word', 'word': 'Nous'}
en	33.94999999999999	0.3	{'kind': 'word', 'word': 'en'}
étions	34.29999999999999	0.3	{'kind': 'word', 'word': 'étions'}
au	34.64999999999999	0.3	{'kind': 'word', 'word': 'au'}
huitième	34.99999999999999	0.3	{'kind': 'word', 'word': 'huitième'}
jour	35.34999999999999	0.3	{'kind': 'word', 'word': 'jour'}
de	35.69999999999999	0.3	{'kind': 'word', 'word': 'de'}
ma	36.04999999999999	0.3	{'kind': 'word', 'word': 'ma'}
panne	36.39999999999999	0.3	{'kind': 'word', 'word': 'panne'}
dans	36.74999999999999	0.3	{'kind': 'word', 'word': 'dans'}
le	37.09999999999999	0.3	{'kind': 'word', 'word': 'le'}
désert,	37.44999999999999	0.3	{'kind': 'word', 'word': 'désert'}
et	37.79999999999999	0.3	{'kind': 'word', 'word': 'et'}
j'avais	38.14999999999999	0.3	{'kind': 'word', 'word': 'javais'}
écouté	38.49999999999999	0.3	{'kind': 'word', 'word': 'écouté'}
l'histoire	38.84999999999999	0.3	{'kind': 'word', 'word': 'lhistoire'}
du	39.19999999999999	0.3	{'kind': 'word', 'word': 'du'}
marchand	39.54999999999999	0.3	{'kind': 'word', 'word': 'marchand'}
en	39.89999999999999	0.3	{'kind': 'word', 'word': 'en'}
buvant	40.24999999999999	0.3	{'kind': 'word', 'word': 'buvant'}
la	40.59999999999999	0.3	{'kind': 'word', 'word': 'la'}
dernière	40.94999999999999	0.3	{'kind': 'word', 'word': 'dernière'}
goutte	41.29999999999999	0.3	{'kind': 'word', 'word': 'goutte'}
de	41.649999999999984	0.3	{'kind': 'word', 'word': 'de'}
ma	41.99999999999999	0.3	{'kind': 'word', 'word': 'ma'}
provision	42.34999999999999	0.3	{'kind': 'word', 'word': 'provision'}
d'eau:	42.69999999999999	0.3	{'kind': 'word', 'word': 'deau'}
"""ah!"	43.04999999999999	0.3	{'kind': 'word', 'word': 'ah'}
Dis-je	43.399999999999984	0.3	{'kind': 'word', 'word': 'Disje'}
au	43.74999999999999	0.3	{'kind': 'word', 'word': 'au'}
petit	44.09999999999999	0.3	{'kind': 'word', 'word': 'petit'}
prince,	44.44999999999999	0.3	{'kind': 'word', 'word': 'prince'}
ils	44.79999999999998	0.3	{'kind': 'word', 'word': 'ils'}
sont	45.149999999999984	0.3	{'kind': 'word', 'word': 'sont'}
bien	45.49999999999999	0.3	{'kind': 'word', 'word': 'bien'}
jolis,	45.84999999999999	0.3	{'kind': 'word', 'word': 'jolis'}
tes	46.19999999999999	0.3	{'kind': 'word', 'word': 'tes'}
souvenirs,	46.54999999999998	0.3	{'kind': 'word', 'word': 'souvenirs'}
mais	46.899999999999984	0.3	{'kind': 'word', 'word': 'mais'}
je	47.24999999999999	0.3	{'kind': 'word', 'word': 'je'}
n'ai	47.59999999999999	0.3	{'kind': 'word', 'word': 'nai'}
pas	47.94999999999998	0.3	{'kind': 'word', 'word': 'pas'}
encore	48.29999999999998	0.3	{'kind': 'word', 'word': 'encore'}
réparé	48.649999999999984	0.3	{'kind': 'word', 'word': 'réparé'}
mon	48.99999999999999	0.3	{'kind': 'word', 'word': 'mon'}
avion,	49.34999999999999	0.3	{'kind': 'word', 'word': 'avion'}
je	49.69999999999998	0.3	{'kind': 'word', 'word': 'je'}
n'ai	50.04999999999998	0.3	{'kind': 'word', 'word': 'nai'}
plus	50.399999999999984	0.3	{'kind': 'word', 'word': 'plus'}
rien	50.74999999999999	0.3	{'kind': 'word', 'word': 'rien'}
à	51.09999999999998	0.3	{'kind': 'word', 'word': 'à'}
boire,	51.44999999999998	0.3	{'kind': 'word', 'word': 'boire'}
et	51.79999999999998	0.3	{'kind': 'word', 'word': 'et'}
je	52.149999999999984	0.3	{'kind': 'word', 'word': 'je'}
serais	52.49999999999999	0.3	{'kind': 'word', 'word': 'serais'}
heureux,	52.84999999999998	0.3	{'kind': 'word', 'word': 'heureux'}
moi	53.19999999999998	0.3	{'kind': 'word', 'word': 'moi'}
aussi,	53.54999999999998	0.3	{'kind': 'word', 'word': 'aussi'}
si	53.899999999999984	0.3	{'kind': 'word', 'word': 'si'}
je	54.24999999999999	0.3	{'kind': 'word', 'word': 'je'}
pouvais	54.59999999999998	0.3	{'kind': 'word', 'word': 'pouvais'}
marcher	54.94999999999998	0.3	{'kind': 'word', 'word': 'marcher'}
tout	55.29999999999998	0.3	{'kind': 'word', 'word': 'tout'}
doucement	55.649999999999984	0.3	{'kind': 'word', 'word': 'doucement'}
vers	55.99999999999998	0.3	{'kind': 'word', 'word': 'vers'}
une	56.34999999999998	0.3	{'kind': 'word', 'word': 'une'}
fontaine!	56.69999999999998	0.3	{'kind': 'word', 'word': 'fontaine'}
-mon	57.04999999999998	0.3	{'kind': 'word', 'word': 'mon'}
ami	57.399999999999984	0.3	{'kind': 'word', 'word': 'ami'}
le	57.74999999999998	0.3	{'kind': 'word', 'word': 'le'}
renard,	58.09999999999998	0.3	{'kind': 'word', 'word': 'renard'}
me	58.44999999999998	0.3	{'kind': 'word', 'word': 'me'}
dit-il...	58.79999999999998	0.3	{'kind': 'word', 'word': 'ditil'}
-mon	59.14999999999998	0.3	{'kind': 'word', 'word': 'mon'}
petit	59.49999999999998	0.3	{'kind': 'word', 'word': 'petit'}
bonhomme,	59.84999999999998	0.3	{'kind': 'word', 'word': 'bonhomme'}
il	60.19999999999998	0.3	{'kind': 'word', 'word': 'il'}
ne	60.54999999999998	0.3	{'kind': 'word', 'word': 'ne'}
s'agit	60.89999999999998	0.3	{'kind': 'word', 'word': 'sagit'}
plus	61.24999999999998	0.3	{'kind': 'word', 'word': 'plus'}
du	61.59999999999998	0.3	{'kind': 'word', 'word': 'du'}
renard!	61.94999999999998	0.3	{'kind': 'word', 'word': 'renard'}
-pourquoi?	62.29999999999998	0.3	{'kind': 'word', 'word': 'pourquoi'}
-parce	62.64999999999998	0.3	{'kind': 'word', 'word': 'parce'}
qu'on	62.99999999999998	0.3	{'kind': 'word', 'word': 'quon'}
va	63.34999999999998	0.3	{'kind': 'word', 'word': 'va'}
mourir	63.69999999999998	0.3	{'kind': 'word', 'word': 'mourir'}
de	64.04999999999997	0.3	{'kind': 'word', 'word': 'de'}
"soif..."""	64.39999999999998	0.3	{'kind': 'word', 'word': 'soif'}
Ll	64.74999999999997	0.3	{'kind': 'word', 'word': 'Ll'}
ne	65.09999999999998	0.3	{'kind': 'word', 'word': 'ne'}
comprit	65.44999999999997	0.3	{'kind': 'word', 'word': 'comprit'}
pas	65.79999999999998	0.3	{'kind': 'word', 'word': 'pas'}
mon	66.14999999999998	0.3	{'kind': 'word', 'word': 'mon'}
raisonnement,	66.49999999999997	0.3	{'kind': 'word', 'word': 'raisonnement'}
il	66.84999999999998	0.3	{'kind': 'word', 'word': 'il'}
me	67.19999999999997	0.3	{'kind': 'word', 'word': 'me'}
répondit:	67.54999999999998	0.3	{'kind': 'word', 'word': 'répondit'}
"""c'est"	67.89999999999998	0.3	{'kind': 'word', 'word': 'cest'}
bien	68.24999999999997	0.3	{'kind': 'word', 'word': 'bien'}
d'avoir	68.59999999999998	0.3	{'kind': 'word', 'word': 'davoir'}
eu	68.94999999999997	0.3	{'kind': 'word', 'word': 'eu'}
un	69.29999999999998	0.3	{'kind': 'word', 'word': 'un'}
ami,	69.64999999999998	0.3	{'kind': 'word', 'word': 'ami'}
même	69.99999999999997	0.3	{'kind': 'word', 'word': 'même'}
si	70.34999999999998	0.3	{'kind': 'word', 'word': 'si'}
l'on	70.69999999999997	0.3	{'kind': 'word', 'word': 'lon'}
va	71.04999999999998	0.3	{'kind': 'word', 'word': 'va'}
mourir.	71.39999999999998	0.3	{'kind': 'word', 'word': 'mourir'}
Moi,	71.74999999999997	0.3	{'kind': 'word', 'word': 'Moi'}
je	72.09999999999998	0.3	{'kind': 'word', 'word': 'je'}
suis	72.44999999999997	0.3	{'kind': 'word', 'word': 'suis'}
bien	72.79999999999997	0.3	{'kind': 'word', 'word': 'bien'}
content	73.14999999999998	0.3	{'kind': 'word', 'word': 'content'}
d'avoir	73.49999999999997	0.3	{'kind': 'word', 'word': 'davoir'}
eu	73.84999999999998	0.3	{'kind': 'word', 'word': 'eu'}
un	74.19999999999997	0.3	{'kind': 'word', 'word': 'un'}
ami	74.54999999999997	0.3	{'kind': 'word', 'word': 'ami'}
"renard..."""	74.89999999999998	0.3	{'kind': 'word', 'word': 'renard'}
"""il"	75.24999999999997	0.3	{'kind': 'word', 'word': 'il'}
ne	75.59999999999998	0.3	{'kind': 'word', 'word': 'ne'}
mesure	75.94999999999997	0.3	{'kind': 'word', 'word': 'mesure'}
pas	76.29999999999997	0.3	{'kind': 'word', 'word': 'pas'}
le	76.64999999999998	0.3	{'kind': 'word', 'word': 'le'}
danger,	76.99999999999997	0.3	{'kind': 'word', 'word': 'danger'}
me	77.34999999999998	0.3	{'kind': 'word', 'word': 'me'}
dis-je.	77.69999999999997	0.3	{'kind': 'word', 'word': 'disje'}
Il	78.04999999999997	0.3	{'kind': 'word', 'word': 'Il'}
n'a	78.39999999999998	0.3	{'kind': 'word', 'word': 'na'}
jamais	78.74999999999997	0.3	{'kind': 'word', 'word': 'jamais'}
ni	79.09999999999998	0.3	{'kind': 'word', 'word': 'ni'}
faim	79.44999999999997	0.3	{'kind': 'word', 'word': 'faim'}
ni	79.79999999999997	0.3	{'kind': 'word', 'word': 'ni'}
soif.	80.14999999999998	0.3	{'kind': 'word', 'word': 'soif'}
Un	80.49999999999997	0.3	{'kind': 'word', 'word': 'Un'}
peu	80.84999999999997	0.3	{'kind': 'word', 'word': 'peu'}
de	81.19999999999997	0.3	{'kind': 'word', 'word': 'de'}
soleil	81.54999999999997	0.3	{'kind': 'word', 'word': 'soleil'}
lui	81.89999999999998	0.3	{'kind': 'word', 'word': 'lui'}
"suffit..."""	82.24999999999997	0.3	{'kind': 'word', 'word': 'suffit'}
Mais	82.59999999999997	0.3	{'kind': 'word', 'word': 'Mais'}
il	82.94999999999997	0.3	{'kind': 'word', 'word': 'il'}
me	83.29999999999997	0.3	{'kind': 'word', 'word': 'me'}
regarda	83.64999999999998	0.3	{'kind': 'word', 'word': 'regarda'}
et	83.99999999999997	0.3	{'kind': 'word', 'word': 'et'}
répondit	84.34999999999997	0.3	{'kind': 'word', 'word': 'répondit'}
à	84.69999999999997	0.3	{'kind': 'word', 'word': 'à'}
ma	85.04999999999997	0.3	{'kind': 'word', 'word': 'ma'}
pensée:	85.39999999999998	0.3	{'kind': 'word', 'word': 'pensée'}
"""j'ai"	85.74999999999997	0.3	{'kind': 'word', 'word': 'jai'}
soif	86.09999999999997	0.3	{'kind': 'word', 'word': 'soif'}
aussi...	86.44999999999997	0.3	{'kind': 'word', 'word': 'aussi'}
Cherchons	86.79999999999997	0.3	{'kind': 'word', 'word': 'Cherchons'}
un	87.14999999999996	0.3	{'kind': 'word', 'word': 'un'}
"puits..."""	87.49999999999997	0.3	{'kind': 'word', 'word': 'puits'}
J'eus	87.84999999999997	0.3	{'kind': 'word', 'word': 'Jeus'}
un	88.19999999999997	0.3	{'kind': 'word', 'word': 'un'}
geste	88.54999999999997	0.3	{'kind': 'word', 'word': 'geste'}
de	88.89999999999996	0.3	{'kind': 'word', 'word': 'de'}
lassitude:	89.24999999999997	0.3	{'kind': 'word', 'word': 'lassitude'}
il	89.59999999999997	0.3	{'kind': 'word', 'word': 'il'}
est	89.94999999999997	0.3	{'kind': 'word', 'word': 'est'}
absurde	90.29999999999995	0.3	{'kind': 'word', 'word': 'absurde'}
de	90.64999999999996	0.3	{'kind': 'word', 'word': 'de'}
chercher	90.99999999999996	0.3	{'kind': 'word', 'word': 'chercher'}
un	91.34999999999997	0.3	{'kind': 'word', 'word': 'un'}
puits,	91.69999999999996	0.3	{'kind': 'word', 'word': 'puits'}
au	92.04999999999995	0.3	{'kind': 'word', 'word': 'au'}
hasard,	92.39999999999996	0.3	{'kind': 'word', 'word': 'hasard'}
dans	92.74999999999996	0.3	{'kind': 'word', 'word': 'dans'}
l'immensité	93.09999999999997	0.3	{'kind': 'word', 'word': 'limmensité'}
du	93.44999999999996	0.3	{'kind': 'word', 'word': 'du'}
désert.	93.79999999999995	0.3	{'kind': 'word', 'word': 'désert'}
Cependant	94.14999999999996	0.3	{'kind': 'word', 'word': 'Cependant'}
nous	94.49999999999996	0.3	{'kind': 'word', 'word': 'nous'}
nous	94.84999999999997	0.3	{'kind': 'word', 'word': 'nous'}
mîmes	95.19999999999996	0.3	{'kind': 'word', 'word': 'mîmes'}
en	95.54999999999995	0.3	{'kind': 'word', 'word': 'en'}
marche.	95.89999999999996	0.3	{'kind': 'word', 'word': 'marche'}
Quand	96.24999999999996	0.3	{'kind': 'word', 'word': 'Quand'}
nous	96.59999999999997	0.3	{'kind': 'word', 'word': 'nous'}
eûmes	96.94999999999996	0.3	{'kind': 'word', 'word': 'eûmes'}
marché,	97.29999999999995	0.3	{'kind': 'word', 'word': 'marché'}
des	97.64999999999996	0.3	{'kind': 'word', 'word': 'des'}
heures,	97.99999999999996	0.3	{'kind': 'word', 'word': 'heures'}
en	98.34999999999997	0.3	{'kind': 'word', 'word': 'en'}
silence,	98.69999999999996	0.3	{'kind': 'word', 'word': 'silence'}
la	99.04999999999995	0.3	{'kind': 'word', 'word': 'la'}
nuit	99.39999999999996	0.3	{'kind': 'word', 'word': 'nuit'}
tomba,	99.74999999999996	0.3	{'kind': 'word', 'word': 'tomba'}
et	100.09999999999997	0.3	{'kind': 'word', 'word': 'et'}
les	100.44999999999996	0.3	{'kind': 'word', 'word': 'les'}
étoiles	100.79999999999995	0.3	{'kind': 'word', 'word': 'étoiles'}
commencèrent	101.14999999999996	0.3	{'kind': 'word', 'word': 'commencèrent'}
de	101.49999999999996	0.3	{'kind': 'word', 'word': 'de'}
s'éclairer.	101.84999999999997	0.3	{'kind': 'word', 'word': 'séclairer'}
Je	102.19999999999996	0.3	{'kind': 'word', 'word': 'Je'}
les	102.54999999999995	0.3	{'kind': 'word', 'word': 'les'}
apercevais	102.89999999999996	0.3	{'kind': 'word', 'word': 'apercevais'}
comme	103.24999999999996	0.3	{'kind': 'word', 'word': 'comme'}
en	103.59999999999997	0.3	{'kind': 'word', 'word': 'en'}
rêve,	103.94999999999996	0.3	{'kind': 'word', 'word': 'rêve'}
ayant	104.29999999999995	0.3	{'kind': 'word', 'word': 'ayant'}
un	104.64999999999996	0.3	{'kind': 'word', 'word': 'un'}
peu	104.99999999999996	0.3	{'kind': 'word', 'word': 'peu'}
de	105.34999999999997	0.3	{'kind': 'word', 'word': 'de'}
fièvre,	105.69999999999996	0.3	{'kind': 'word', 'word': 'fièvre'}
à	106.04999999999995	0.3	{'kind': 'word', 'word': 'à'}
cause	106.39999999999996	0.3	{'kind': 'word', 'word': 'cause'}
de	106.74999999999996	0.3	{'kind': 'word', 'word': 'de'}
ma	107.09999999999997	0.3	{'kind': 'word', 'word': 'ma'}
soif.	107.44999999999996	0.3	{'kind': 'word', 'word': 'soif'}
Les	107.79999999999995	0.3	{'kind': 'word', 'word': 'Les'}
mots	108.14999999999996	0.3	{'kind': 'word', 'word': 'mots'}
du	108.49999999999996	0.3	{'kind': 'word', 'word': 'du'}
petit	108.84999999999997	0.3	{'kind': 'word', 'word': 'petit'}
prince	109.19999999999996	0.3	{'kind': 'word', 'word': 'prince'}
dansaient	109.54999999999995	0.3	{'kind': 'word', 'word': 'dansaient'}
dans	109.89999999999996	0.3	{'kind': 'word', 'word': 'dans'}
ma	110.24999999999996	0.3	{'kind': 'word', 'word': 'ma'}
mémoire:	110.59999999999997	0.3	{'kind': 'word', 'word': 'mémoire'}
"""tu"	110.94999999999996	0.3	{'kind': 'word', 'word': 'tu'}
as	111.29999999999995	0.3	{'kind': 'word', 'word': 'as'}
donc	111.64999999999996	0.3	{'kind': 'word', 'word': 'donc'}
soif,	111.99999999999996	0.3	{'kind': 'word', 'word': 'soif'}
toi	112.34999999999997	0.3	{'kind': 'word', 'word': 'toi'}
"aussi?"""	112.69999999999996	0.3	{'kind': 'word', 'word': 'aussi'}
Lui	113.04999999999995	0.3	{'kind': 'word', 'word': 'Lui'}
demandai-je.	113.39999999999996	0.3	{'kind': 'word', 'word': 'demandaije'}
Mais	113.74999999999996	0.3	{'kind': 'word', 'word': 'Mais'}
il	114.09999999999997	0.3	{'kind': 'word', 'word': 'il'}
ne	114.44999999999996	0.3	{'kind': 'word', 'word': 'ne'}
répondit	114.79999999999995	0.3	{'kind': 'word', 'word': 'répondit'}
pas	115.14999999999996	0.3	{'kind': 'word', 'word': 'pas'}
à	115.49999999999996	0.3	{'kind': 'word', 'word': 'à'}
ma	115.84999999999997	0.3	{'kind': 'word', 'word': 'ma'}
question.	116.19999999999996	0.3	{'kind': 'word', 'word': 'question'}
Il	116.54999999999995	0.3	{'kind': 'word', 'word': 'Il'}
me	116.89999999999996	0.3	{'kind': 'word', 'word': 'me'}
dit	117.24999999999996	0.3	{'kind': 'word', 'word': 'dit'}
simplement:	117.59999999999997	0.3	{'kind': 'word', 'word': 'simplement'}
"""l'eau"	117.94999999999996	0.3	{'kind': 'word', 'word': 'leau'}
peut	118.29999999999995	0.3	{'kind': 'word', 'word': 'peut'}
aussi	118.64999999999996	0.3	{'kind': 'word', 'word': 'aussi'}
être	118.99999999999996	0.3	{'kind': 'word', 'word': 'être'}
bonne	119.34999999999997	0.3	{'kind': 'word', 'word': 'bonne'}
pour	119.69999999999996	0.3	{'kind': 'word', 'word': 'pour'}
le	120.04999999999995	0.3	{'kind': 'word', 'word': 'le'}
"coeur..."""	120.39999999999996	0.3	{'kind': 'word', 'word': 'coeur'}
Je	120.74999999999996	0.3	{'kind': 'word', 'word': 'Je'}
ne	121.09999999999997	0.3	{'kind': 'word', 'word': 'ne'}
compris	121.44999999999996	0.3	{'kind': 'word', 'word': 'compris'}
pas	121.79999999999995	0.3	{'kind': 'word', 'word': 'pas'}
sa	122.14999999999996	0.3	{'kind': 'word', 'word': 'sa'}
réponse	122.49999999999996	0.3	{'kind': 'word', 'word': 'réponse'}
mais	122.84999999999997	0.3	{'kind': 'word', 'word': 'mais'}
je	123.19999999999996	0.3	{'kind': 'word', 'word': 'je'}
me	123.54999999999995	0.3	{'kind': 'word', 'word': 'me'}
tus...	123.89999999999996	0.3	{'kind': 'word', 'word': 'tus'}
Je	124.24999999999996	0.3	{'kind': 'word', 'word': 'Je'}
savais	124.59999999999997	0.3	{'kind': 'word', 'word': 'savais'}
bien	124.94999999999996	0.3	{'kind': 'word', 'word': 'bien'}
qu'il	125.29999999999995	0.3	{'kind': 'word', 'word': 'quil'}
ne	125.64999999999996	0.3	{'kind': 'word', 'word': 'ne'}
fallait	125.99999999999996	0.3	{'kind': 'word', 'word': 'fallait'}
pas	126.34999999999997	0.3	{'kind': 'word', 'word': 'pas'}
l'interroger.	126.69999999999996	0.3	{'kind': 'word', 'word': 'linterroger'}
Il	127.04999999999995	0.3	{'kind': 'word', 'word': 'Il'}
était	127.39999999999996	0.3	{'kind': 'word', 'word': 'était'}
fatigué.	127.74999999999996	0.3	{'kind': 'word', 'word': 'fatigué'}
Il	128.09999999999994	0.3	{'kind': 'word', 'word': 'Il'}
s'assit.	128.44999999999996	0.3	{'kind': 'word', 'word': 'sassit'}
Je	128.79999999999993	0.3	{'kind': 'word', 'word': 'Je'}
m'assis	129.14999999999995	0.3	{'kind': 'word', 'word': 'massis'}
auprès	129.49999999999994	0.3	{'kind': 'word', 'word': 'auprès'}
de	129.84999999999994	0.3	{'kind': 'word', 'word': 'de'}
lui.	130.19999999999993	0.3	{'kind': 'word', 'word': 'lui'}
Et,	130.54999999999993	0.3	{'kind': 'word', 'word': 'Et'}
après	130.89999999999995	0.3	{'kind': 'word', 'word': 'après'}
un	131.24999999999994	0.3	{'kind': 'word', 'word': 'un'}
silence,	131.59999999999994	0.3	{'kind': 'word', 'word': 'silence'}
il	131.94999999999993	0.3	{'kind': 'word', 'word': 'il'}
dit	132.29999999999993	0.3	{'kind': 'word', 'word': 'dit'}
encore:	132.64999999999995	0.3	{'kind': 'word', 'word': 'encore'}
"""les"	132.99999999999994	0.3	{'kind': 'word', 'word': 'les'}
étoiles	133.34999999999994	0.3	{'kind': 'word', 'word': 'étoiles'}
sont	133.69999999999993	0.3	{'kind': 'word', 'word': 'sont'}
belles,	134.04999999999993	0.3	{'kind': 'word', 'word': 'belles'}
à	134.39999999999995	0.3	{'kind': 'word', 'word': 'à'}
cause	134.74999999999994	0.3	{'kind': 'word', 'word': 'cause'}
d'une	135.09999999999994	0.3	{'kind': 'word', 'word': 'dune'}
fleur	135.44999999999993	0.3	{'kind': 'word', 'word': 'fleur'}
que	135.79999999999993	0.3	{'kind': 'word', 'word': 'que'}
l'on	136.14999999999995	0.3	{'kind': 'word', 'word': 'lon'}
ne	136.49999999999994	0.3	{'kind': 'word', 'word': 'ne'}
voit	136.84999999999994	0.3	{'kind': 'word', 'word': 'voit'}
"pas..."""	137.19999999999993	0.3	{'kind': 'word', 'word': 'pas'}
Je	137.54999999999993	0.3	{'kind': 'word', 'word': 'Je'}
répondis	137.89999999999995	0.3	{'kind': 'word', 'word': 'répondis'}
"""bien"	138.24999999999994	0.3	{'kind': 'word', 'word': 'bien'}
"sûr"""	138.59999999999994	0.3	{'kind': 'word', 'word': 'sûr'}
et	138.94999999999993	0.3	{'kind': 'word', 'word': 'et'}
je	139.29999999999993	0.3	{'kind': 'word', 'word': 'je'}
regardai,	139.64999999999995	0.3	{'kind': 'word', 'word': 'regardai'}
sans	139.99999999999994	0.3	{'kind': 'word', 'word': 'sans'}
parler,	140.34999999999994	0.3	{'kind': 'word', 'word': 'parler'}
les	140.69999999999993	0.3	{'kind': 'word', 'word': 'les'}
plis	141.04999999999993	0.3	{'kind': 'word', 'word': 'plis'}
du	141.39999999999995	0.3	{'kind': 'word', 'word': 'du'}
sable	141.74999999999994	0.3	{'kind': 'word', 'word': 'sable'}
sous	142.09999999999994	0.3	{'kind': 'word', 'word': 'sous'}
la	142.44999999999993	0.3	{'kind': 'word', 'word': 'la'}
lune.	142.79999999999993	0.3	{'kind': 'word', 'word': 'lune'}
"""le"	143.14999999999992	0.3	{'kind': 'word', 'word': 'le'}
désert	143.49999999999994	0.3	{'kind': 'word', 'word': 'désert'}
est	143.84999999999994	0.3	{'kind': 'word', 'word': 'est'}
"beau"","	144.19999999999993	0.3	{'kind': 'word', 'word': 'beau'}
ajouta-t-il.	144.54999999999993	0.3	{'kind': 'word', 'word': 'ajoutatil'}
..	144.89999999999992	0.3	{'kind': 'word', 'word': ''}
Et	145.24999999999994	0.3	{'kind': 'word', 'word': 'Et'}
c'était	145.59999999999994	0.3	{'kind': 'word', 'word': 'cétait'}
vrai.	145.94999999999993	0.3	{'kind': 'word', 'word': 'vrai'}
J'ai	146.29999999999993	0.3	{'kind': 'word', 'word': 'Jai'}
toujours	146.64999999999992	0.3	{'kind': 'word', 'word': 'toujours'}
aimé	146.99999999999994	0.3	{'kind': 'word', 'word': 'aimé'}
le	147.34999999999994	0.3	{'kind': 'word', 'word': 'le'}
désert.	147.69999999999993	0.3	{'kind': 'word', 'word': 'désert'}
On	148.04999999999993	0.3	{'kind': 'word', 'word': 'On'}
s'assoit	148.39999999999992	0.3	{'kind': 'word', 'word': 'sassoit'}
sur	148.74999999999994	0.3	{'kind': 'word', 'word': 'sur'}
une	149.09999999999994	0.3	{'kind': 'word', 'word': 'une'}
dune	149.44999999999993	0.3	{'kind': 'word', 'word': 'dune'}
de	149.79999999999993	0.3	{'kind': 'word', 'word': 'de'}
sable.	150.14999999999992	0.3	{'kind': 'word', 'word': 'sable'}
On	150.49999999999994	0.3	{'kind': 'word', 'word': 'On'}
ne	150.84999999999994	0.3	{'kind': 'word', 'word': 'ne'}
voit	151.19999999999993	0.3	{'kind': 'word', 'word': 'voit'}
rien.	151.54999999999993	0.3	{'kind': 'word', 'word': 'rien'}
On	151.89999999999992	0.3	{'kind': 'word', 'word': 'On'}
n'entend	152.24999999999994	0.3	{'kind': 'word', 'word': 'nentend'}
rien.	152.59999999999994	0.3	{'kind': 'word', 'word': 'rien'}
Et	152.94999999999993	0.3	{'kind': 'word', 'word': 'Et'}
cependant	153.29999999999993	0.3	{'kind': 'word', 'word': 'cependant'}
quelque	153.64999999999992	0.3	{'kind': 'word', 'word': 'quelque'}
chose	153.99999999999994	0.3	{'kind': 'word', 'word': 'chose'}
rayonne	154.34999999999994	0.3	{'kind': 'word', 'word': 'rayonne'}
en	154.69999999999993	0.3	{'kind': 'word', 'word': 'en'}
silence...	155.04999999999993	0.3	{'kind': 'word', 'word': 'silence'}
"""ce"	155.39999999999992	0.3	{'kind': 'word', 'word': 'ce'}
qui	155.74999999999994	0.3	{'kind': 'word', 'word': 'qui'}
embellit	156.09999999999994	0.3	{'kind': 'word', 'word': 'embellit'}
le	156.44999999999993	0.3	{'kind': 'word', 'word': 'le'}
désert,	156.79999999999993	0.3	{'kind': 'word', 'word': 'désert'}
dit	157.14999999999992	0.3	{'kind': 'word', 'word': 'dit'}
le	157.49999999999994	0.3	{'kind': 'word', 'word': 'le'}
petit	157.84999999999994	0.3	{'kind': 'word', 'word': 'petit'}
prince,	158.19999999999993	0.3	{'kind': 'word', 'word': 'prince'}
c'est	158.54999999999993	0.3	{'kind': 'word', 'word': 'cest'}
qu'il	158.89999999999992	0.3	{'kind': 'word', 'word': 'quil'}
cache	159.24999999999991	0.3	{'kind': 'word', 'word': 'cache'}
un	159.59999999999994	0.3	{'kind': 'word', 'word': 'un'}
puits	159.94999999999993	0.3	{'kind': 'word', 'word': 'puits'}
quelque	160.29999999999993	0.3	{'kind': 'word', 'word': 'quelque'}
"part..."""	160.64999999999992	0.3	{'kind': 'word', 'word': 'part'}
Je	160.99999999999991	0.3	{'kind': 'word', 'word': 'Je'}
fus	161.34999999999994	0.3	{'kind': 'word', 'word': 'fus'}
surpris	161.69999999999993	0.3	{'kind': 'word', 'word': 'surpris'}
de	162.04999999999993	0.3	{'kind': 'word', 'word': 'de'}
comprendre	162.39999999999992	0.3	{'kind': 'word', 'word': 'comprendre'}
soudain	162.74999999999991	0.3	{'kind': 'word', 'word': 'soudain'}
ce	163.09999999999994	0.3	{'kind': 'word', 'word': 'ce'}
mystérieux	163.44999999999993	0.3	{'kind': 'word', 'word': 'mystérieux'}
rayonnement	163.79999999999993	0.3	{'kind': 'word', 'word': 'rayonnement'}
du	164.14999999999992	0.3	{'kind': 'word', 'word': 'du'}
sable.	164.49999999999991	0.3	{'kind': 'word', 'word': 'sable'}
Lorsque	164.84999999999994	0.3	{'kind': 'word', 'word': 'Lorsque'}
j'étais	165.19999999999993	0.3	{'kind': 'word', 'word': 'jétais'}
petit	165.54999999999993	0.3	{'kind': 'word', 'word': 'petit'}
garçon,	165.89999999999992	0.3	{'kind': 'word', 'word': 'garçon'}
j'habitais	166.24999999999991	0.3	{'kind': 'word', 'word': 'jhabitais'}
une	166.59999999999994	0.3	{'kind': 'word', 'word': 'une'}
maison	166.94999999999993	0.3	{'kind': 'word', 'word': 'maison'}
ancienne,	167.29999999999993	0.3	{'kind': 'word', 'word': 'ancienne'}
et	167.64999999999992	0.3	{'kind': 'word', 'word': 'et'}
la	167.99999999999991	0.3	{'kind': 'word', 'word': 'la'}
légende	168.34999999999994	0.3	{'kind': 'word', 'word': 'légende'}
racontait	168.69999999999993	0.3	{'kind': 'word', 'word': 'racontait'}
qu'un	169.04999999999993	0.3	{'kind': 'word', 'word': 'quun'}
trésor	169.39999999999992	0.3	{'kind': 'word', 'word': 'trésor'}
y	169.74999999999991	0.3	{'kind': 'word', 'word': 'y'}
était	170.09999999999994	0.3	{'kind': 'word', 'word': 'était'}
enfoui.	170.44999999999993	0.3	{'kind': 'word', 'word': 'enfoui'}
Bien	170.79999999999993	0.3	{'kind': 'word', 'word': 'Bien'}
sûr,	171.14999999999992	0.3	{'kind': 'word', 'word': 'sûr'}
jamais	171.49999999999991	0.3	{'kind': 'word', 'word': 'jamais'}
personne	171.84999999999994	0.3	{'kind': 'word', 'word': 'personne'}
n'a	172.19999999999993	0.3	{'kind': 'word', 'word': 'na'}
su	172.54999999999993	0.3	{'kind': 'word', 'word': 'su'}
le	172.89999999999992	0.3	{'kind': 'word', 'word': 'le'}
découvrir,	173.24999999999991	0.3	{'kind': 'word', 'word': 'découvrir'}
ni	173.5999999999999	0.3	{'kind': 'word', 'word': 'ni'}
peut-être	173.94999999999993	0.3	{'kind': 'word', 'word': 'peutêtre'}
même	174.29999999999993	0.3	{'kind': 'word', 'word': 'même'}
ne	174.64999999999992	0.3	{'kind': 'word', 'word': 'ne'}
l'a	174.99999999999991	0.3	{'kind': 'word', 'word': 'la'}
cherché.	175.3499999999999	0.3	{'kind': 'word', 'word': 'cherché'}
Mais	175.69999999999993	0.3	{'kind': 'word', 'word': 'Mais'}
il	176.04999999999993	0.3	{'kind': 'word', 'word': 'il'}
enchantait	176.39999999999992	0.3	{'kind': 'word', 'word': 'enchantait'}
toute	176.74999999999991	0.3	{'kind': 'word', 'word': 'toute'}
cette	177.0999999999999	0.3	{'kind': 'word', 'word': 'cette'}
maison.	177.44999999999993	0.3	{'kind': 'word', 'word': 'maison'}
Ma	177.79999999999993	0.3	{'kind': 'word', 'word': 'Ma'}
maison	178.14999999999992	0.3	{'kind': 'word', 'word': 'maison'}
cachait	178.49999999999991	0.3	{'kind': 'word', 'word': 'cachait'}
un	178.8499999999999	0.3	{'kind': 'word', 'word': 'un'}
secret	179.19999999999993	0.3	{'kind': 'word', 'word': 'secret'}
au	179.54999999999993	0.3	{'kind': 'word', 'word': 'au'}
fond	179.89999999999992	0.3	{'kind': 'word', 'word': 'fond'}
de	180.24999999999991	0.3	{'kind': 'word', 'word': 'de'}
son	180.5999999999999	0.3	{'kind': 'word', 'word': 'son'}
coeur...	180.94999999999996	0.3	{'kind': 'word', 'word': 'coeur'}
"""oui,"	181.29999999999995	0.3	{'kind': 'word', 'word': 'oui'}
dis-je	181.64999999999992	0.3	{'kind': 'word', 'word': 'disje'}
au	181.99999999999991	0.3	{'kind': 'word', 'word': 'au'}
petit	182.3499999999999	0.3	{'kind': 'word', 'word': 'petit'}
prince,	182.69999999999996	0.3	{'kind': 'word', 'word': 'prince'}
qu'il	183.04999999999995	0.3	{'kind': 'word', 'word': 'quil'}
s'agisse	183.39999999999992	0.3	{'kind': 'word', 'word': 'sagisse'}
de	183.74999999999991	0.3	{'kind': 'word', 'word': 'de'}
la	184.0999999999999	0.3	{'kind': 'word', 'word': 'la'}
maison,	184.44999999999996	0.3	{'kind': 'word', 'word': 'maison'}
des	184.79999999999995	0.3	{'kind': 'word', 'word': 'des'}
étoiles	185.14999999999992	0.3	{'kind': 'word', 'word': 'étoiles'}
ou	185.49999999999991	0.3	{'kind': 'word', 'word': 'ou'}
du	185.8499999999999	0.3	{'kind': 'word', 'word': 'du'}
désert,	186.19999999999996	0.3	{'kind': 'word', 'word': 'désert'}
ce	186.54999999999995	0.3	{'kind': 'word', 'word': 'ce'}
qui	186.89999999999992	0.3	{'kind': 'word', 'word': 'qui'}
fait	187.24999999999991	0.3	{'kind': 'word', 'word': 'fait'}
leur	187.5999999999999	0.3	{'kind': 'word', 'word': 'leur'}
beauté	187.9499999999999	0.3	{'kind': 'word', 'word': 'beauté'}
est	188.29999999999995	0.3	{'kind': 'word', 'word': 'est'}
invisible!	188.64999999999992	0.3	{'kind': 'word', 'word': 'invisible'}
-je	188.99999999999991	0.3	{'kind': 'word', 'word': 'je'}
suis	189.3499999999999	0.3	{'kind': 'word', 'word': 'suis'}
content,	189.6999999999999	0.3	{'kind': 'word', 'word': 'content'}
dit-il,	190.04999999999995	0.3	{'kind': 'word', 'word': 'ditil'}
que	190.39999999999992	0.3	{'kind': 'word', 'word': 'que'}
tu	190.74999999999991	0.3	{'kind': 'word', 'word': 'tu'}
sois	191.0999999999999	0.3	{'kind': 'word', 'word': 'sois'}
d'accord	191.4499999999999	0.3	{'kind': 'word', 'word': 'daccord'}
avec	191.79999999999995	0.3	{'kind': 'word', 'word': 'avec'}
mon	192.14999999999992	0.3	{'kind': 'word', 'word': 'mon'}
"renard."""	192.49999999999991	0.3	{'kind': 'word', 'word': 'renard'}
Comme	192.8499999999999	0.3	{'kind': 'word', 'word': 'Comme'}
le	193.1999999999999	0.3	{'kind': 'word', 'word': 'le'}
petit	193.54999999999995	0.3	{'kind': 'word', 'word': 'petit'}
prince	193.89999999999992	0.3	{'kind': 'word', 'word': 'prince'}
s'endormait,	194.24999999999991	0.3	{'kind': 'word', 'word': 'sendormait'}
je	194.5999999999999	0.3	{'kind': 'word', 'word': 'je'}
le	194.9499999999999	0.3	{'kind': 'word', 'word': 'le'}
pris	195.29999999999995	0.3	{'kind': 'word', 'word': 'pris'}
dans	195.64999999999992	0.3	{'kind': 'word', 'word': 'dans'}
mes	195.99999999999991	0.3	{'kind': 'word', 'word': 'mes'}
bras,	196.3499999999999	0.3	{'kind': 'word', 'word': 'bras'}
et	196.6999999999999	0.3	{'kind': 'word', 'word': 'et'}
me	197.04999999999995	0.3	{'kind': 'word', 'word': 'me'}
remis	197.39999999999992	0.3	{'kind': 'word', 'word': 'remis'}
en	197.74999999999991	0.3	{'kind': 'word', 'word': 'en'}
route.	198.0999999999999	0.3	{'kind': 'word', 'word': 'route'}
J'étais	198.4499999999999	0.3	{'kind': 'word', 'word': 'Jétais'}
ému.	198.79999999999995	0.3	{'kind': 'word', 'word': 'ému'}
Il	199.14999999999992	0.3	{'kind': 'word', 'word': 'Il'}
me	199.49999999999991	0.3	{'kind': 'word', 'word': 'me'}
semblait	199.8499999999999	0.3	{'kind': 'word', 'word': 'semblait'}
porter	200.1999999999999	0.3	{'kind': 'word', 'word': 'porter'}
un	200.54999999999995	0.3	{'kind': 'word', 'word': 'un'}
trésor	200.89999999999992	0.3	{'kind': 'word', 'word': 'trésor'}
fragile.	201.24999999999991	0.3	{'kind': 'word', 'word': 'fragile'}
Il	201.5999999999999	0.3	{'kind': 'word', 'word': 'Il'}
me	201.9499999999999	0.3	{'kind': 'word', 'word': 'me'}
semblait	202.2999999999999	0.3	{'kind': 'word', 'word': 'semblait'}
même	202.64999999999992	0.3	{'kind': 'word', 'word': 'même'}
qu'il	202.99999999999991	0.3	{'kind': 'word', 'word': 'quil'}
n'y	203.3499999999999	0.3	{'kind': 'word', 'word': 'ny'}
eût	203.6999999999999	0.3	{'kind': 'word', 'word': 'eût'}
rien	204.0499999999999	0.3	{'kind': 'word', 'word': 'rien'}
de	204.39999999999992	0.3	{'kind': 'word', 'word': 'de'}
plus	204.74999999999991	0.3	{'kind': 'word', 'word': 'plus'}
fragile	205.0999999999999	0.3	{'kind': 'word', 'word': 'fragile'}
sur	205.4499999999999	0.3	{'kind': 'word', 'word': 'sur'}
la	205.7999999999999	0.3	{'kind': 'word', 'word': 'la'}
terre.	206.14999999999992	0.3	{'kind': 'word', 'word': 'terre'}
Je	206.49999999999991	0.3	{'kind': 'word', 'word': 'Je'}
regardais,	206.8499999999999	0.3	{'kind': 'word', 'word': 'regardais'}
à	207.1999999999999	0.3	{'kind': 'word', 'word': 'à'}
la	207.5499999999999	0.3	{'kind': 'word', 'word': 'la'}
lumière	207.89999999999992	0.3	{'kind': 'word', 'word': 'lumière'}
de	208.24999999999991	0.3	{'kind': 'word', 'word': 'de'}
la	208.5999999999999	0.3	{'kind': 'word', 'word': 'la'}
lune,	208.9499999999999	0.3	{'kind': 'word', 'word': 'lune'}
ce	209.2999999999999	0.3	{'kind': 'word', 'word': 'ce'}
front	209.64999999999992	0.3	{'kind': 'word', 'word': 'front'}
pâle,	209.99999999999991	0.3	{'kind': 'word', 'word': 'pâle'}
ces	210.3499999999999	0.3	{'kind': 'word', 'word': 'ces'}
yeux	210.6999999999999	0.3	{'kind': 'word', 'word': 'yeux'}
clos,	211.0499999999999	0.3	{'kind': 'word', 'word': 'clos'}
ces	211.39999999999992	0.3	{'kind': 'word', 'word': 'ces'}
mèches	211.74999999999991	0.3	{'kind': 'word', 'word': 'mèches'}
de	212.0999999999999	0.3	{'kind': 'word', 'word': 'de'}
cheveux	212.4499999999999	0.3	{'kind': 'word', 'word': 'cheveux'}
qui	212.7999999999999	0.3	{'kind': 'word', 'word': 'qui'}
tremblaient	213.14999999999992	0.3	{'kind': 'word', 'word': 'tremblaient'}
au	213.49999999999991	0.3	{'kind': 'word', 'word': 'au'}
vent,	213.8499999999999	0.3	{'kind': 'word', 'word': 'vent'}
et	214.1999999999999	0.3	{'kind': 'word', 'word': 'et'}
je	214.5499999999999	0.3	{'kind': 'word', 'word': 'je'}
me	214.89999999999992	0.3	{'kind': 'word', 'word': 'me'}
disais:	215.24999999999991	0.3	{'kind': 'word', 'word': 'disais'}
"""ce"	215.5999999999999	0.3	{'kind': 'word', 'word': 'ce'}
que	215.9499999999999	0.3	{'kind': 'word', 'word': 'que'}
je	216.2999999999999	0.3	{'kind': 'word', 'word': 'je'}
vois	216.64999999999992	0.3	{'kind': 'word', 'word': 'vois'}
là	216.99999999999991	0.3	{'kind': 'word', 'word': 'là'}
n'est	217.3499999999999	0.3	{'kind': 'word', 'word': 'nest'}
qu'une	217.6999999999999	0.3	{'kind': 'word', 'word': 'quune'}
écorce.	218.0499999999999	0.3	{'kind': 'word', 'word': 'écorce'}
Le	218.3999999999999	0.3	{'kind': 'word', 'word': 'Le'}
plus	218.74999999999991	0.3	{'kind': 'word', 'word': 'plus'}
important	219.0999999999999	0.3	{'kind': 'word', 'word': 'important'}
est	219.4499999999999	0.3	{'kind': 'word', 'word': 'est'}
"invisible..."""	219.7999999999999	0.3	{'kind': 'word', 'word': 'invisible'}
Comme	220.1499999999999	0.3	{'kind': 'word', 'word': 'Comme'}
ses	220.49999999999991	0.3	{'kind': 'word', 'word': 'ses'}
lèvres	220.8499999999999	0.3	{'kind': 'word', 'word': 'lèvres'}
entrouvertes	221.1999999999999	0.3	{'kind': 'word', 'word': 'entrouvertes'}
ébauchaient	221.5499999999999	0.3	{'kind': 'word', 'word': 'ébauchaient'}
un	221.8999999999999	0.3	{'kind': 'word', 'word': 'un'}
demi-sourire	222.24999999999991	0.3	{'kind': 'word', 'word': 'demisourire'}
je	222.5999999999999	0.3	{'kind': 'word', 'word': 'je'}
me	222.9499999999999	0.3	{'kind': 'word', 'word': 'me'}
dis	223.2999999999999	0.3	{'kind': 'word', 'word': 'dis'}
encore:	223.6499999999999	0.3	{'kind': 'word', 'word': 'encore'}
"""ce"	223.99999999999991	0.3	{'kind': 'word', 'word': 'ce'}
qui	224.3499999999999	0.3	{'kind': 'word', 'word': 'qui'}
m'émeut	224.6999999999999	0.3	{'kind': 'word', 'word': 'mémeut'}
si	225.0499999999999	0.3	{'kind': 'word', 'word': 'si'}
fort	225.3999999999999	0.3	{'kind': 'word', 'word': 'fort'}
de	225.74999999999991	0.3	{'kind': 'word', 'word': 'de'}
ce	226.0999999999999	0.3	{'kind': 'word', 'word': 'ce'}
petit	226.4499999999999	0.3	{'kind': 'word', 'word': 'petit'}
prince	226.7999999999999	0.3	{'kind': 'word', 'word': 'prince'}
endormi,	227.1499999999999	0.3	{'kind': 'word', 'word': 'endormi'}
c'est	227.49999999999991	0.3	{'kind': 'word', 'word': 'cest'}
sa	227.8499999999999	0.3	{'kind': 'word', 'word': 'sa'}
fidélité	228.1999999999999	0.3	{'kind': 'word', 'word': 'fidélité'}
pour	228.5499999999999	0.3	{'kind': 'word', 'word': 'pour'}
une	228.8999999999999	0.3	{'kind': 'word', 'word': 'une'}
fleur,	229.24999999999991	0.3	{'kind': 'word', 'word': 'fleur'}
c'est	229.5999999999999	0.3	{'kind': 'word', 'word': 'cest'}
l'image	229.9499999999999	0.3	{'kind': 'word', 'word': 'limage'}
d'une	230.2999999999999	0.3	{'kind': 'word', 'word': 'dune'}
rose	230.6499999999999	0.3	{'kind': 'word', 'word': 'rose'}
qui	230.99999999999991	0.3	{'kind': 'word', 'word': 'qui'}
rayonne	231.3499999999999	0.3	{'kind': 'word', 'word': 'rayonne'}
en	231.6999999999999	0.3	{'kind': 'word', 'word': 'en'}
lui	232.0499999999999	0.3	{'kind': 'word', 'word': 'lui'}
comme	232.3999999999999	0.3	{'kind': 'word', 'word': 'comme'}
la	232.7499999999999	0.3	{'kind': 'word', 'word': 'la'}
flamme	233.0999999999999	0.3	{'kind': 'word', 'word': 'flamme'}
d'une	233.4499999999999	0.3	{'kind': 'word', 'word': 'dune'}
lampe,	233.7999999999999	0.3	{'kind': 'word', 'word': 'lampe'}
même	234.1499999999999	0.3	{'kind': 'word', 'word': 'même'}
quand	234.4999999999999	0.3	{'kind': 'word', 'word': 'quand'}
il	234.8499999999999	0.3	{'kind': 'word', 'word': 'il'}
"dort..."""	235.1999999999999	0.3	{'kind': 'word', 'word': 'dort'}
Et	235.5499999999999	0.3	{'kind': 'word', 'word': 'Et'}
je	235.8999999999999	0.3	{'kind': 'word', 'word': 'je'}
le	236.2499999999999	0.3	{'kind': 'word', 'word': 'le'}
devinai	236.5999999999999	0.3	{'kind': 'word', 'word': 'devinai'}
plus	236.9499999999999	0.3	{'kind': 'word', 'word': 'plus'}
fragile	237.2999999999999	0.3	{'kind': 'word', 'word': 'fragile'}
encore.	237.6499999999999	0.3	{'kind': 'word', 'word': 'encore'}
Il	237.9999999999999	0.3	{'kind': 'word', 'word': 'Il'}
faut	238.3499999999999	0.3	{'kind': 'word', 'word': 'faut'}
bien	238.6999999999999	0.3	{'kind': 'word', 'word': 'bien'}
protéger	239.0499999999999	0.3	{'kind': 'word', 'word': 'protéger'}
les	239.3999999999999	0.3	{'kind': 'word', 'word': 'les'}
lampes:	239.7499999999999	0.3	{'kind': 'word', 'word': 'lampes'}
un	240.0999999999999	0.3	{'kind': 'word', 'word': 'un'}
coup	240.4499999999999	0.3	{'kind': 'word', 'word': 'coup'}
de	240.7999999999999	0.3	{'kind': 'word', 'word': 'de'}
vent	241.1499999999999	0.3	{'kind': 'word', 'word': 'vent'}
peut	241.4999999999999	0.3	{'kind': 'word', 'word': 'peut'}
les	241.8499999999999	0.3	{'kind': 'word', 'word': 'les'}
éteindre...	242.1999999999999	0.3	{'kind': 'word', 'word': 'éteindre'}
Et,	242.5499999999999	0.3	{'kind': 'word', 'word': 'Et'}
marchant	242.8999999999999	0.3	{'kind': 'word', 'word': 'marchant'}
ainsi,	243.2499999999999	0.3	{'kind': 'word', 'word': 'ainsi'}
je	243.5999999999999	0.3	{'kind': 'word', 'word': 'je'}
découvris	243.9499999999999	0.3	{'kind': 'word', 'word': 'découvris'}
le	244.2999999999999	0.3	{'kind': 'word', 'word': 'le'}
puits	244.6499999999999	0.3	{'kind': 'word', 'word': 'puits'}
au	244.9999999999999	0.3	{'kind': 'word', 'word': 'au'}
lever	245.3499999999999	0.3	{'kind': 'word', 'word': 'lever'}
du	245.6999999999999	0.3	{'kind': 'word', 'word': 'du'}
jour.	246.0499999999999	0.3	{'kind': 'word', 'word': 'jour'}
"""les"	246.3999999999999	0.3	{'kind': 'word', 'word': 'les'}
hommes,	246.7499999999999	0.3	{'kind': 'word', 'word': 'hommes'}
dit	247.0999999999999	0.3	{'kind': 'word', 'word': 'dit'}
le	247.4499999999999	0.3	{'kind': 'word', 'word': 'le'}
petit	247.7999999999999	0.3	{'kind': 'word', 'word': 'petit'}
prince,	248.1499999999999	0.3	{'kind': 'word', 'word': 'prince'}
ils	248.4999999999999	0.3	{'kind': 'word', 'word': 'ils'}
s'enfournent	248.84999999999988	0.3	{'kind': 'word', 'word': 'senfournent'}
dans	249.1999999999999	0.3	{'kind': 'word', 'word': 'dans'}
les	249.5499999999999	0.3	{'kind': 'word', 'word': 'les'}
rapides,	249.8999999999999	0.3	{'kind': 'word', 'word': 'rapides'}
mais	250.2499999999999	0.3	{'kind': 'word', 'word': 'mais'}
ils	250.59999999999988	0.3	{'kind': 'word', 'word': 'ils'}
ne	250.9499999999999	0.3	{'kind': 'word', 'word': 'ne'}
savent	251.2999999999999	0.3	{'kind': 'word', 'word': 'savent'}
plus	251.6499999999999	0.3	{'kind': 'word', 'word': 'plus'}
ce	251.9999999999999	0.3	{'kind': 'word', 'word': 'ce'}
qu'ils	252.34999999999988	0.3	{'kind': 'word', 'word': 'quils'}
cherchent.	252.6999999999999	0.3	{'kind': 'word', 'word': 'cherchent'}
Alors	253.0499999999999	0.3	{'kind': 'word', 'word': 'Alors'}
ils	253.3999999999999	0.3	{'kind': 'word', 'word': 'ils'}
s'agitent	253.7499999999999	0.3	{'kind': 'word', 'word': 'sagitent'}
et	254.09999999999988	0.3	{'kind': 'word', 'word': 'et'}
tournent	254.4499999999999	0.3	{'kind': 'word', 'word': 'tournent'}
en	254.7999999999999	0.3	{'kind': 'word', 'word': 'en'}
"rond..."""	255.1499999999999	0.3	{'kind': 'word', 'word': 'rond'}
Et	255.4999999999999	0.3	{'kind': 'word', 'word': 'Et'}
il	255.84999999999988	0.3	{'kind': 'word', 'word': 'il'}
ajouta:	256.19999999999993	0.3	{'kind': 'word', 'word': 'ajouta'}
"""ce"	256.5499999999999	0.3	{'kind': 'word', 'word': 'ce'}
n'est	256.89999999999986	0.3	{'kind': 'word', 'word': 'nest'}
pas	257.2499999999999	0.3	{'kind': 'word', 'word': 'pas'}
la	257.5999999999999	0.3	{'kind': 'word', 'word': 'la'}
"peine..."""	257.9499999999999	0.3	{'kind': 'word', 'word': 'peine'}
Le	258.2999999999999	0.3	{'kind': 'word', 'word': 'Le'}
puits	258.64999999999986	0.3	{'kind': 'word', 'word': 'puits'}
que	258.9999999999999	0.3	{'kind': 'word', 'word': 'que'}
nous	259.3499999999999	0.3	{'kind': 'word', 'word': 'nous'}
avions	259.6999999999999	0.3	{'kind': 'word', 'word': 'avions'}
atteint	260.0499999999999	0.3	{'kind': 'word', 'word': 'atteint'}
ne	260.39999999999986	0.3	{'kind': 'word', 'word': 'ne'}
ressemblait	260.7499999999999	0.3	{'kind': 'word', 'word': 'ressemblait'}
pas	261.0999999999999	0.3	{'kind': 'word', 'word': 'pas'}
aux	261.4499999999999	0.3	{'kind': 'word', 'word': 'aux'}
puits	261.7999999999999	0.3	{'kind': 'word', 'word': 'puits'}
sahariens.	262.14999999999986	0.3	{'kind': 'word', 'word': 'sahariens'}
Les	262.4999999999999	0.3	{'kind': 'word', 'word': 'Les'}
puits	262.8499999999999	0.3	{'kind': 'word', 'word': 'puits'}
sahariens	263.1999999999999	0.3	{'kind': 'word', 'word': 'sahariens'}
sont	263.5499999999999	0.3	{'kind': 'word', 'word': 'sont'}
de	263.89999999999986	0.3	{'kind': 'word', 'word': 'de'}
simples	264.2499999999999	0.3	{'kind': 'word', 'word': 'simples'}
trous	264.5999999999999	0.3	{'kind': 'word', 'word': 'trous'}
creusés	264.9499999999999	0.3	{'kind': 'word', 'word': 'creusés'}
dans	265.2999999999999	0.3	{'kind': 'word', 'word': 'dans'}
le	265.64999999999986	0.3	{'kind': 'word', 'word': 'le'}
sable.	265.9999999999999	0.3	{'kind': 'word', 'word': 'sable'}
Celui-là	266.3499999999999	0.3	{'kind': 'word', 'word': 'Celuilà'}
ressemblait	266.6999999999999	0.3	{'kind': 'word', 'word': 'ressemblait'}
à	267.0499999999999	0.3	{'kind': 'word', 'word': 'à'}
un	267.39999999999986	0.3	{'kind': 'word', 'word': 'un'}
puits	267.7499999999999	0.3	{'kind': 'word', 'word': 'puits'}
de	268.0999999999999	0.3	{'kind': 'word', 'word': 'de'}
village.	268.4499999999999	0.3	{'kind': 'word', 'word': 'village'}
Mais	268.7999999999999	0.3	{'kind': 'word', 'word': 'Mais'}
il	269.14999999999986	0.3	{'kind': 'word', 'word': 'il'}
n'y	269.4999999999999	0.3	{'kind': 'word', 'word': 'ny'}
avait	269.8499999999999	0.3	{'kind': 'word', 'word': 'avait'}
là	270.1999999999999	0.3	{'kind': 'word', 'word': 'là'}
aucun	270.5499999999999	0.3	{'kind': 'word', 'word': 'aucun'}
village,	270.89999999999986	0.3	{'kind': 'word', 'word': 'village'}
et	271.2499999999999	0.3	{'kind': 'word', 'word': 'et'}
je	271.5999999999999	0.3	{'kind': 'word', 'word': 'je'}
croyais	271.9499999999999	0.3	{'kind': 'word', 'word': 'croyais'}
rêver.	272.2999999999999	0.3	{'kind': 'word', 'word': 'rêver'}
"""c'est"	272.64999999999986	0.3	{'kind': 'word', 'word': 'cest'}
étrange,	272.9999999999999	0.3	{'kind': 'word', 'word': 'étrange'}
dis-je	273.3499999999999	0.3	{'kind': 'word', 'word': 'disje'}
au	273.6999999999999	0.3	{'kind': 'word', 'word': 'au'}
petit	274.0499999999999	0.3	{'kind': 'word', 'word': 'petit'}
prince,	274.39999999999986	0.3	{'kind': 'word', 'word': 'prince'}
tout	274.7499999999999	0.3	{'kind': 'word', 'word': 'tout'}
est	275.0999999999999	0.3	{'kind': 'word', 'word': 'est'}
prêt:	275.4499999999999	0.3	{'kind': 'word', 'word': 'prêt'}
la	275.7999999999999	0.3	{'kind': 'word', 'word': 'la'}
poulie,	276.14999999999986	0.3	{'kind': 'word', 'word': 'poulie'}
le	276.4999999999999	0.3	{'kind': 'word', 'word': 'le'}
seau	276.8499999999999	0.3	{'kind': 'word', 'word': 'seau'}
et	277.1999999999999	0.3	{'kind': 'word', 'word': 'et'}
la	277.5499999999999	0.3	{'kind': 'word', 'word': 'la'}
"corde..."""	277.89999999999986	0.3	{'kind': 'word', 'word': 'corde'}
Il	278.2499999999999	0.3	{'kind': 'word', 'word': 'Il'}
rit,	278.5999999999999	0.3	{'kind': 'word', 'word': 'rit'}
toucha	278.9499999999999	0.3	{'kind': 'word', 'word': 'toucha'}
la	279.2999999999999	0.3	{'kind': 'word', 'word': 'la'}
corde,	279.64999999999986	0.3	{'kind': 'word', 'word': 'corde'}
fit	279.9999999999999	0.3	{'kind': 'word', 'word': 'fit'}
jouer	280.3499999999999	0.3	{'kind': 'word', 'word': 'jouer'}
la	280.6999999999999	0.3	{'kind': 'word', 'word': 'la'}
poulie.	281.0499999999999	0.3	{'kind': 'word', 'word': 'poulie'}
Et	281.39999999999986	0.3	{'kind': 'word', 'word': 'Et'}
la	281.7499999999999	0.3	{'kind': 'word', 'word': 'la'}
poulie	282.0999999999999	0.3	{'kind': 'word', 'word': 'poulie'}
gémit	282.4499999999999	0.3	{'kind': 'word', 'word': 'gémit'}
comme	282.7999999999999	0.3	{'kind': 'word', 'word': 'comme'}
gémit	283.14999999999986	0.3	{'kind': 'word', 'word': 'gémit'}
une	283.4999999999999	0.3	{'kind': 'word', 'word': 'une'}
vieille	283.8499999999999	0.3	{'kind': 'word', 'word': 'vieille'}
girouette	284.1999999999999	0.3	{'kind': 'word', 'word': 'girouette'}
quand	284.5499999999999	0.3	{'kind': 'word', 'word': 'quand'}
le	284.89999999999986	0.3	{'kind': 'word', 'word': 'le'}
vent	285.2499999999999	0.3	{'kind': 'word', 'word': 'vent'}
a	285.59999999999985	0.3	{'kind': 'word', 'word': 'a'}
longtemps	285.9499999999999	0.3	{'kind': 'word', 'word': 'longtemps'}
dormi.	286.2999999999999	0.3	{'kind': 'word', 'word': 'dormi'}
"""tu"	286.64999999999986	0.3	{'kind': 'word', 'word': 'tu'}
entends,	286.9999999999999	0.3	{'kind': 'word', 'word': 'entends'}
dit	287.34999999999985	0.3	{'kind': 'word', 'word': 'dit'}
le	287.6999999999999	0.3	{'kind': 'word', 'word': 'le'}
petit	288.0499999999999	0.3	{'kind': 'word', 'word': 'petit'}
prince,	288.39999999999986	0.3	{'kind': 'word', 'word': 'prince'}
nous	288.7499999999999	0.3	{'kind': 'word', 'word': 'nous'}
réveillons	289.09999999999985	0.3	{'kind': 'word', 'word': 'réveillons'}
ce	289.4499999999999	0.3	{'kind': 'word', 'word': 'ce'}
puits	289.7999999999999	0.3	{'kind': 'word', 'word': 'puits'}
et	290.14999999999986	0.3	{'kind': 'word', 'word': 'et'}
il	290.4999999999999	0.3	{'kind': 'word', 'word': 'il'}
"chante..."""	290.84999999999985	0.3	{'kind': 'word', 'word': 'chante'}
Je	291.1999999999999	0.3	{'kind': 'word', 'word': 'Je'}
ne	291.5499999999999	0.3	{'kind': 'word', 'word': 'ne'}
voulais	291.89999999999986	0.3	{'kind': 'word', 'word': 'voulais'}
pas	292.2499999999999	0.3	{'kind': 'word', 'word': 'pas'}
qu'il	292.59999999999985	0.3	{'kind': 'word', 'word': 'quil'}
fit	292.9499999999999	0.3	{'kind': 'word', 'word': 'fit'}
un	293.2999999999999	0.3	{'kind': 'word', 'word': 'un'}
effort:	293.64999999999986	0.3	{'kind': 'word', 'word': 'effort'}
"""laisse-moi"	293.9999999999999	0.3	{'kind': 'word', 'word': 'laissemoi'}
faire,	294.34999999999985	0.3	{'kind': 'word', 'word': 'faire'}
lui	294.6999999999999	0.3	{'kind': 'word', 'word': 'lui'}
dis-je,	295.0499999999999	0.3	{'kind': 'word', 'word': 'disje'}
c'est	295.39999999999986	0.3	{'kind': 'word', 'word': 'cest'}
trop	295.7499999999999	0.3	{'kind': 'word', 'word': 'trop'}
lourd	296.09999999999985	0.3	{'kind': 'word', 'word': 'lourd'}
pour	296.4499999999999	0.3	{'kind': 'word', 'word': 'pour'}
"toi."""	296.7999999999999	0.3	{'kind': 'word', 'word': 'toi'}
Lentement	297.14999999999986	0.3	{'kind': 'word', 'word': 'Lentement'}
je	297.4999999999999	0.3	{'kind': 'word', 'word': 'je'}
hissai	297.84999999999985	0.3	{'kind': 'word', 'word': 'hissai'}
le	298.1999999999999	0.3	{'kind': 'word', 'word': 'le'}
seau	298.5499999999999	0.3	{'kind': 'word', 'word': 'seau'}
jusqu'à	298.89999999999986	0.3	{'kind': 'word', 'word': 'jusquà'}
la	299.2499999999999	0.3	{'kind': 'word', 'word': 'la'}
margelle.	299.59999999999985	0.3	{'kind': 'word', 'word': 'margelle'}
Je	299.9499999999999	0.3	{'kind': 'word', 'word': 'Je'}
l'y	300.2999999999999	0.3	{'kind': 'word', 'word': 'ly'}
installai	300.64999999999986	0.3	{'kind': 'word', 'word': 'installai'}
bien	300.9999999999999	0.3	{'kind': 'word', 'word': 'bien'}
d'aplomb.	301.34999999999985	0.3	{'kind': 'word', 'word': 'daplomb'}
Dans	301.6999999999999	0.3	{'kind': 'word', 'word': 'Dans'}
mes	302.0499999999999	0.3	{'kind': 'word', 'word': 'mes'}
oreilles	302.39999999999986	0.3	{'kind': 'word', 'word': 'oreilles'}
durait	302.7499999999999	0.3	{'kind': 'word', 'word': 'durait'}
le	303.09999999999985	0.3	{'kind': 'word', 'word': 'le'}
chant	303.4499999999999	0.3	{'kind': 'word', 'word': 'chant'}
de	303.7999999999999	0.3	{'kind': 'word', 'word': 'de'}
la	304.14999999999986	0.3	{'kind': 'word', 'word': 'la'}
poulie	304.4999999999999	0.3	{'kind': 'word', 'word': 'poulie'}
et,	304.84999999999985	0.3	{'kind': 'word', 'word': 'et'}
dans	305.1999999999999	0.3	{'kind': 'word', 'word': 'dans'}
l'eau	305.5499999999999	0.3	{'kind': 'word', 'word': 'leau'}
qui	305.89999999999986	0.3	{'kind': 'word', 'word': 'qui'}
tremblait	306.2499999999999	0.3	{'kind': 'word', 'word': 'tremblait'}
encore,	306.59999999999985	0.3	{'kind': 'word', 'word': 'encore'}
je	306.9499999999999	0.3	{'kind': 'word', 'word': 'je'}
voyais	307.2999999999999	0.3	{'kind': 'word', 'word': 'voyais'}
trembler	307.64999999999986	0.3	{'kind': 'word', 'word': 'trembler'}
le	307.9999999999999	0.3	{'kind': 'word', 'word': 'le'}
soleil.	308.34999999999985	0.3	{'kind': 'word', 'word': 'soleil'}
"""j'ai"	308.6999999999999	0.3	{'kind': 'word', 'word': 'jai'}
soif	309.0499999999999	0.3	{'kind': 'word', 'word': 'soif'}
de	309.39999999999986	0.3	{'kind': 'word', 'word': 'de'}
cette	309.7499999999999	0.3	{'kind': 'word', 'word': 'cette'}
eau-là,	310.09999999999985	0.3	{'kind': 'word', 'word': 'eaulà'}
dit	310.4499999999999	0.3	{'kind': 'word', 'word': 'dit'}
le	310.7999999999999	0.3	{'kind': 'word', 'word': 'le'}
petit	311.14999999999986	0.3	{'kind': 'word', 'word': 'petit'}
prince,	311.4999999999999	0.3	{'kind': 'word', 'word': 'prince'}
donne-moi	311.84999999999985	0.3	{'kind': 'word', 'word': 'donnemoi'}
à	312.1999999999999	0.3	{'kind': 'word', 'word': 'à'}
"boire..."""	312.5499999999999	0.3	{'kind': 'word', 'word': 'boire'}
Et	312.89999999999986	0.3	{'kind': 'word', 'word': 'Et'}
je	313.2499999999999	0.3	{'kind': 'word', 'word': 'je'}
compris	313.59999999999985	0.3	{'kind': 'word', 'word': 'compris'}
ce	313.9499999999999	0.3	{'kind': 'word', 'word': 'ce'}
qu'il	314.2999999999999	0.3	{'kind': 'word', 'word': 'quil'}
avait	314.64999999999986	0.3	{'kind': 'word', 'word': 'avait'}
cherché!	314.9999999999999	0.3	{'kind': 'word', 'word': 'cherché'}
Je	315.34999999999985	0.3	{'kind': 'word', 'word': 'Je'}
soulevai	315.6999999999999	0.3	{'kind': 'word', 'word': 'soulevai'}
le	316.04999999999984	0.3	{'kind': 'word', 'word': 'le'}
seau	316.39999999999986	0.3	{'kind': 'word', 'word': 'seau'}
jusqu'à	316.7499999999999	0.3	{'kind': 'word', 'word': 'jusquà'}
ses	317.09999999999985	0.3	{'kind': 'word', 'word': 'ses'}
lèvres.	317.4499999999999	0.3	{'kind': 'word', 'word': 'lèvres'}
Il	317.79999999999984	0.3	{'kind': 'word', 'word': 'Il'}
but,	318.14999999999986	0.3	{'kind': 'word', 'word': 'but'}
les	318.4999999999999	0.3	{'kind': 'word', 'word': 'les'}
yeux	318.84999999999985	0.3	{'kind': 'word', 'word': 'yeux'}
fermés.	319.1999999999999	0.3	{'kind': 'word', 'word': 'fermés'}
C'était	319.54999999999984	0.3	{'kind': 'word', 'word': 'Cétait'}
doux	319.89999999999986	0.3	{'kind': 'word', 'word': 'doux'}
comme	320.2499999999999	0.3	{'kind': 'word', 'word': 'comme'}
une	320.59999999999985	0.3	{'kind': 'word', 'word': 'une'}
fête.	320.9499999999999	0.3	{'kind': 'word', 'word': 'fête'}
Cette	321.29999999999984	0.3	{'kind': 'word', 'word': 'Cette'}
eau	321.64999999999986	0.3	{'kind': 'word', 'word': 'eau'}
était	321.9999999999999	0.3	{'kind': 'word', 'word': 'était'}
bien	322.34999999999985	0.3	{'kind': 'word', 'word': 'bien'}
autre	322.6999999999999	0.3	{'kind': 'word', 'word': 'autre'}
chose	323.04999999999984	0.3	{'kind': 'word', 'word': 'chose'}
qu'un	323.39999999999986	0.3	{'kind': 'word', 'word': 'quun'}
aliment.	323.7499999999999	0.3	{'kind': 'word', 'word': 'aliment'}
Elle	324.09999999999985	0.3	{'kind': 'word', 'word': 'Elle'}
était	324.4499999999999	0.3	{'kind': 'word', 'word': 'était'}
née	324.79999999999984	0.3	{'kind': 'word', 'word': 'née'}
de	325.14999999999986	0.3	{'kind': 'word', 'word': 'de'}
la	325.4999999999999	0.3	{'kind': 'word', 'word': 'la'}
marche	325.84999999999985	0.3	{'kind': 'word', 'word': 'marche'}
sous	326.1999999999999	0.3	{'kind': 'word', 'word': 'sous'}
les	326.54999999999984	0.3	{'kind': 'word', 'word': 'les'}
étoiles,	326.89999999999986	0.3	{'kind': 'word', 'word': 'étoiles'}
du	327.2499999999999	0.3	{'kind': 'word', 'word': 'du'}
chant	327.59999999999985	0.3	{'kind': 'word', 'word': 'chant'}
de	327.9499999999999	0.3	{'kind': 'word', 'word': 'de'}
la	328.29999999999984	0.3	{'kind': 'word', 'word': 'la'}
poulie,	328.64999999999986	0.3	{'kind': 'word', 'word': 'poulie'}
de	328.9999999999999	0.3	{'kind': 'word', 'word': 'de'}
l'effort	329.34999999999985	0.3	{'kind': 'word', 'word': 'leffort'}
de	329.6999999999999	0.3	{'kind': 'word', 'word': 'de'}
mes	330.04999999999984	0.3	{'kind': 'word', 'word': 'mes'}
bras.	330.39999999999986	0.3	{'kind': 'word', 'word': 'bras'}
Elle	330.7499999999999	0.3	{'kind': 'word', 'word': 'Elle'}
était	331.09999999999985	0.3	{'kind': 'word', 'word': 'était'}
bonne	331.4499999999999	0.3	{'kind': 'word', 'word': 'bonne'}
pour	331.79999999999984	0.3	{'kind': 'word', 'word': 'pour'}
le	332.14999999999986	0.3	{'kind': 'word', 'word': 'le'}
coeur,	332.4999999999999	0.3	{'kind': 'word', 'word': 'coeur'}
comme	332.84999999999985	0.3	{'kind': 'word', 'word': 'comme'}
un	333.1999999999999	0.3	{'kind': 'word', 'word': 'un'}
cadeau.	333.54999999999984	0.3	{'kind': 'word', 'word': 'cadeau'}
Lorsque	333.89999999999986	0.3	{'kind': 'word', 'word': 'Lorsque'}
j'étais	334.2499999999999	0.3	{'kind': 'word', 'word': 'jétais'}
petit	334.59999999999985	0.3	{'kind': 'word', 'word': 'petit'}
garçon,	334.9499999999999	0.3	{'kind': 'word', 'word': 'garçon'}
la	335.29999999999984	0.3	{'kind': 'word', 'word': 'la'}
lumière	335.64999999999986	0.3	{'kind': 'word', 'word': 'lumière'}
de	335.9999999999999	0.3	{'kind': 'word', 'word': 'de'}
l'arbre	336.34999999999985	0.3	{'kind': 'word', 'word': 'larbre'}
de	336.6999999999999	0.3	{'kind': 'word', 'word': 'de'}
noël,	337.04999999999984	0.3	{'kind': 'word', 'word': 'noël'}
la	337.39999999999986	0.3	{'kind': 'word', 'word': 'la'}
musique	337.7499999999999	0.3	{'kind': 'word', 'word': 'musique'}
de	338.09999999999985	0.3	{'kind': 'word', 'word': 'de'}
la	338.4499999999999	0.3	{'kind': 'word', 'word': 'la'}
messe	338.79999999999984	0.3	{'kind': 'word', 'word': 'messe'}
de	339.14999999999986	0.3	{'kind': 'word', 'word': 'de'}
minuit,	339.4999999999999	0.3	{'kind': 'word', 'word': 'minuit'}
la	339.84999999999985	0.3	{'kind': 'word', 'word': 'la'}
douceur	340.1999999999999	0.3	{'kind': 'word', 'word': 'douceur'}
des	340.54999999999984	0.3	{'kind': 'word', 'word': 'des'}
sourires	340.89999999999986	0.3	{'kind': 'word', 'word': 'sourires'}
faisaient,	341.2499999999999	0.3	{'kind': 'word', 'word': 'faisaient'}
ainsi,	341.59999999999985	0.3	{'kind': 'word', 'word': 'ainsi'}
tout	341.9499999999999	0.3	{'kind': 'word', 'word': 'tout'}
le	342.29999999999984	0.3	{'kind': 'word', 'word': 'le'}
rayonnement	342.64999999999986	0.3	{'kind': 'word', 'word': 'rayonnement'}
du	342.9999999999999	0.3	{'kind': 'word', 'word': 'du'}
cadeau	343.34999999999985	0.3	{'kind': 'word', 'word': 'cadeau'}
de	343.6999999999999	0.3	{'kind': 'word', 'word': 'de'}
noël	344.04999999999984	0.3	{'kind': 'word', 'word': 'noël'}
que	344.39999999999986	0.3	{'kind': 'word', 'word': 'que'}
je	344.74999999999983	0.3	{'kind': 'word', 'word': 'je'}
recevais.	345.09999999999985	0.3	{'kind': 'word', 'word': 'recevais'}
"""les"	345.4499999999999	0.3	{'kind': 'word', 'word': 'les'}
hommes	345.79999999999984	0.3	{'kind': 'word', 'word': 'hommes'}
de	346.14999999999986	0.3	{'kind': 'word', 'word': 'de'}
chez	346.49999999999983	0.3	{'kind': 'word', 'word': 'chez'}
toi,	346.84999999999985	0.3	{'kind': 'word', 'word': 'toi'}
dit	347.1999999999999	0.3	{'kind': 'word', 'word': 'dit'}
le	347.54999999999984	0.3	{'kind': 'word', 'word': 'le'}
petit	347.89999999999986	0.3	{'kind': 'word', 'word': 'petit'}
prince,	348.24999999999983	0.3	{'kind': 'word', 'word': 'prince'}
cultivent	348.59999999999985	0.3	{'kind': 'word', 'word': 'cultivent'}
cinq	348.9499999999999	0.3	{'kind': 'word', 'word': 'cinq'}
mille	349.29999999999984	0.3	{'kind': 'word', 'word': 'mille'}
roses	349.64999999999986	0.3	{'kind': 'word', 'word': 'roses'}
dans	349.99999999999983	0.3	{'kind': 'word', 'word': 'dans'}
un	350.34999999999985	0.3	{'kind': 'word', 'word': 'un'}
même	350.6999999999999	0.3	{'kind': 'word', 'word': 'même'}
jardin...	351.04999999999984	0.3	{'kind': 'word', 'word': 'jardin'}
Et	351.39999999999986	0.3	{'kind': 'word', 'word': 'Et'}
ils	351.74999999999983	0.3	{'kind': 'word', 'word': 'ils'}
n'y	352.09999999999985	0.3	{'kind': 'word', 'word': 'ny'}
trouvent	352.4499999999999	0.3	{'kind': 'word', 'word': 'trouvent'}
pas	352.79999999999984	0.3	{'kind': 'word', 'word': 'pas'}
ce	353.14999999999986	0.3	{'kind': 'word', 'word': 'ce'}
qu'ils	353.49999999999983	0.3	{'kind': 'word', 'word': 'quils'}
cherchent...	353.84999999999985	0.3	{'kind': 'word', 'word': 'cherchent'}
-ils	354.1999999999999	0.3	{'kind': 'word', 'word': 'ils'}
ne	354.54999999999984	0.3	{'kind': 'word', 'word': 'ne'}
le	354.89999999999986	0.3	{'kind': 'word', 'word': 'le'}
trouvent	355.24999999999983	0.3	{'kind': 'word', 'word': 'trouvent'}
pas,	355.59999999999985	0.3	{'kind': 'word', 'word': 'pas'}
répondis-je...	355.9499999999999	0.3	{'kind': 'word', 'word': 'répondisje'}
-et	356.29999999999984	0.3	{'kind': 'word', 'word': 'et'}
cependant	356.64999999999986	0.3	{'kind': 'word', 'word': 'cependant'}
ce	356.99999999999983	0.3	{'kind': 'word', 'word': 'ce'}
qu'ils	357.34999999999985	0.3	{'kind': 'word', 'word': 'quils'}
cherchent	357.6999999999999	0.3	{'kind': 'word', 'word': 'cherchent'}
pourrait	358.04999999999984	0.3	{'kind': 'word', 'word': 'pourrait'}
être	358.39999999999986	0.3	{'kind': 'word', 'word': 'être'}
trouvé	358.74999999999983	0.3	{'kind': 'word', 'word': 'trouvé'}
dans	359.09999999999985	0.3	{'kind': 'word', 'word': 'dans'}
une	359.4499999999999	0.3	{'kind': 'word', 'word': 'une'}
seule	359.79999999999984	0.3	{'kind': 'word', 'word': 'seule'}
rose	360.14999999999986	0.3	{'kind': 'word', 'word': 'rose'}
ou	360.49999999999983	0.3	{'kind': 'word', 'word': 'ou'}
un	360.8499999999999	0.3	{'kind': 'word', 'word': 'un'}
peu	361.1999999999999	0.3	{'kind': 'word', 'word': 'peu'}
d'eau...	361.54999999999984	0.3	{'kind': 'word', 'word': 'deau'}
-bien	361.8999999999999	0.3	{'kind': 'word', 'word': 'bien'}
"sûr"","	362.24999999999983	0.3	{'kind': 'word', 'word': 'sûr'}
répondis-je.	362.5999999999999	0.3	{'kind': 'word', 'word': 'répondisje'}
Et	362.9499999999999	0.3	{'kind': 'word', 'word': 'Et'}
le	363.29999999999984	0.3	{'kind': 'word', 'word': 'le'}
petit	363.6499999999999	0.3	{'kind': 'word', 'word': 'petit'}
prince	363.99999999999983	0.3	{'kind': 'word', 'word': 'prince'}
ajouta:	364.3499999999999	0.3	{'kind': 'word', 'word': 'ajouta'}
"""mais"	364.6999999999999	0.3	{'kind': 'word', 'word': 'mais'}
les	365.04999999999984	0.3	{'kind': 'word', 'word': 'les'}
yeux	365.3999999999999	0.3	{'kind': 'word', 'word': 'yeux'}
sont	365.74999999999983	0.3	{'kind': 'word', 'word': 'sont'}
aveugles.	366.0999999999999	0.3	{'kind': 'word', 'word': 'aveugles'}
Il	366.4499999999999	0.3	{'kind': 'word', 'word': 'Il'}
faut	366.79999999999984	0.3	{'kind': 'word', 'word': 'faut'}
chercher	367.1499999999999	0.3	{'kind': 'word', 'word': 'chercher'}
avec	367.49999999999983	0.3	{'kind': 'word', 'word': 'avec'}
le	367.8499999999999	0.3	{'kind': 'word', 'word': 'le'}
"coeur."""	368.1999999999999	0.3	{'kind': 'word', 'word': 'coeur'}
J'avais	368.54999999999984	0.3	{'kind': 'word', 'word': 'Javais'}
bu.	368.8999999999999	0.3	{'kind': 'word', 'word': 'bu'}
Je	369.24999999999983	0.3	{'kind': 'word', 'word': 'Je'}
respirais	369.5999999999999	0.3	{'kind': 'word', 'word': 'respirais'}
bien.	369.9499999999999	0.3	{'kind': 'word', 'word': 'bien'}
Le	370.29999999999984	0.3	{'kind': 'word', 'word': 'Le'}
sable,	370.6499999999999	0.3	{'kind': 'word', 'word': 'sable'}
au	370.99999999999983	0.3	{'kind': 'word', 'word': 'au'}
lever	371.3499999999999	0.3	{'kind': 'word', 'word': 'lever'}
du	371.6999999999999	0.3	{'kind': 'word', 'word': 'du'}
jour,	372.04999999999984	0.3	{'kind': 'word', 'word': 'jour'}
est	372.3999999999999	0.3	{'kind': 'word', 'word': 'est'}
couleur	372.74999999999983	0.3	{'kind': 'word', 'word': 'couleur'}
de	373.0999999999999	0.3	{'kind': 'word', 'word': 'de'}
miel.	373.4499999999999	0.3	{'kind': 'word', 'word': 'miel'}
J'étais	373.79999999999984	0.3	{'kind': 'word', 'word': 'Jétais'}
heureux	374.1499999999999	0.3	{'kind': 'word', 'word': 'heureux'}
aussi	374.49999999999983	0.3	{'kind': 'word', 'word': 'aussi'}
de	374.8499999999999	0.3	{'kind': 'word', 'word': 'de'}
cette	375.1999999999998	0.3	{'kind': 'word', 'word': 'cette'}
couleur	375.54999999999984	0.3	{'kind': 'word', 'word': 'couleur'}
de	375.8999999999999	0.3	{'kind': 'word', 'word': 'de'}
miel.	376.24999999999983	0.3	{'kind': 'word', 'word': 'miel'}
Pourquoi	376.5999999999999	0.3	{'kind': 'word', 'word': 'Pourquoi'}
fallait-il	376.9499999999998	0.3	{'kind': 'word', 'word': 'fallaitil'}
que	377.29999999999984	0.3	{'kind': 'word', 'word': 'que'}
j'eusse	377.6499999999999	0.3	{'kind': 'word', 'word': 'jeusse'}
de	377.99999999999983	0.3	{'kind': 'word', 'word': 'de'}
la	378.3499999999999	0.3	{'kind': 'word', 'word': 'la'}
peine...	378.6999999999998	0.3	{'kind': 'word', 'word': 'peine'}
"""il"	379.04999999999984	0.3	{'kind': 'word', 'word': 'il'}
faut	379.3999999999999	0.3	{'kind': 'word', 'word': 'faut'}
que	379.74999999999983	0.3	{'kind': 'word', 'word': 'que'}
tu	380.0999999999999	0.3	{'kind': 'word', 'word': 'tu'}
tiennes	380.4499999999998	0.3	{'kind': 'word', 'word': 'tiennes'}
ta	380.79999999999984	0.3	{'kind': 'word', 'word': 'ta'}
promesse,	381.1499999999999	0.3	{'kind': 'word', 'word': 'promesse'}
me	381.49999999999983	0.3	{'kind': 'word', 'word': 'me'}
dit	381.8499999999999	0.3	{'kind': 'word', 'word': 'dit'}
doucement	382.1999999999998	0.3	{'kind': 'word', 'word': 'doucement'}
le	382.54999999999984	0.3	{'kind': 'word', 'word': 'le'}
petit	382.8999999999999	0.3	{'kind': 'word', 'word': 'petit'}
prince,	383.24999999999983	0.3	{'kind': 'word', 'word': 'prince'}
qui,	383.5999999999999	0.3	{'kind': 'word', 'word': 'qui'}
de	383.9499999999998	0.3	{'kind': 'word', 'word': 'de'}
nouveau,	384.29999999999984	0.3	{'kind': 'word', 'word': 'nouveau'}
s'était	384.6499999999999	0.3	{'kind': 'word', 'word': 'sétait'}
assis	384.99999999999983	0.3	{'kind': 'word', 'word': 'assis'}
auprès	385.3499999999999	0.3	{'kind': 'word', 'word': 'auprès'}
de	385.6999999999998	0.3	{'kind': 'word', 'word': 'de'}
moi.	386.04999999999984	0.3	{'kind': 'word', 'word': 'moi'}
-quelle	386.3999999999999	0.3	{'kind': 'word', 'word': 'quelle'}
promesse?	386.74999999999983	0.3	{'kind': 'word', 'word': 'promesse'}
-tu	387.0999999999999	0.3	{'kind': 'word', 'word': 'tu'}
sais...	387.4499999999998	0.3	{'kind': 'word', 'word': 'sais'}
Une	387.79999999999984	0.3	{'kind': 'word', 'word': 'Une'}
muselière	388.1499999999999	0.3	{'kind': 'word', 'word': 'muselière'}
pour	388.49999999999983	0.3	{'kind': 'word', 'word': 'pour'}
mon	388.8499999999999	0.3	{'kind': 'word', 'word': 'mon'}
mouton...	389.1999999999998	0.3	{'kind': 'word', 'word': 'mouton'}
Je	389.54999999999984	0.3	{'kind': 'word', 'word': 'Je'}
suis	389.8999999999999	0.3	{'kind': 'word', 'word': 'suis'}
responsable	390.24999999999983	0.3	{'kind': 'word', 'word': 'responsable'}
de	390.5999999999999	0.3	{'kind': 'word', 'word': 'de'}
cette	390.9499999999998	0.3	{'kind': 'word', 'word': 'cette'}
"fleur!"""	391.29999999999984	0.3	{'kind': 'word', 'word': 'fleur'}
Je	391.6499999999999	0.3	{'kind': 'word', 'word': 'Je'}
sortis	391.99999999999983	0.3	{'kind': 'word', 'word': 'sortis'}
de	392.3499999999999	0.3	{'kind': 'word', 'word': 'de'}
ma	392.6999999999998	0.3	{'kind': 'word', 'word': 'ma'}
poche	393.04999999999984	0.3	{'kind': 'word', 'word': 'poche'}
mes	393.3999999999999	0.3	{'kind': 'word', 'word': 'mes'}
ébauches	393.74999999999983	0.3	{'kind': 'word', 'word': 'ébauches'}
de	394.0999999999999	0.3	{'kind': 'word', 'word': 'de'}
dessin.	394.4499999999998	0.3	{'kind': 'word', 'word': 'dessin'}
Le	394.79999999999984	0.3	{'kind': 'word', 'word': 'Le'}
petit	395.1499999999999	0.3	{'kind': 'word', 'word': 'petit'}
prince	395.49999999999983	0.3	{'kind': 'word', 'word': 'prince'}
les	395.8499999999999	0.3	{'kind': 'word', 'word': 'les'}
aperçut	396.1999999999998	0.3	{'kind': 'word', 'word': 'aperçut'}
et	396.54999999999984	0.3	{'kind': 'word', 'word': 'et'}
dit	396.8999999999999	0.3	{'kind': 'word', 'word': 'dit'}
en	397.24999999999983	0.3	{'kind': 'word', 'word': 'en'}
riant:	397.5999999999999	0.3	{'kind': 'word', 'word': 'riant'}
"""tes"	397.9499999999998	0.3	{'kind': 'word', 'word': 'tes'}
baobabs,	398.29999999999984	0.3	{'kind': 'word', 'word': 'baobabs'}
ils	398.6499999999999	0.3	{'kind': 'word', 'word': 'ils'}
ressemblent	398.99999999999983	0.3	{'kind': 'word', 'word': 'ressemblent'}
un	399.3499999999999	0.3	{'kind': 'word', 'word': 'un'}
peu	399.6999999999998	0.3	{'kind': 'word', 'word': 'peu'}
à	400.04999999999984	0.3	{'kind': 'word', 'word': 'à'}
des	400.3999999999999	0.3	{'kind': 'word', 'word': 'des'}
choux...	400.74999999999983	0.3	{'kind': 'word', 'word': 'choux'}
"-oh!"""	401.0999999999999	0.3	{'kind': 'word', 'word': 'oh'}
Moi	401.4499999999998	0.3	{'kind': 'word', 'word': 'Moi'}
qui	401.79999999999984	0.3	{'kind': 'word', 'word': 'qui'}
étais	402.1499999999999	0.3	{'kind': 'word', 'word': 'étais'}
si	402.49999999999983	0.3	{'kind': 'word', 'word': 'si'}
fier	402.8499999999999	0.3	{'kind': 'word', 'word': 'fier'}
des	403.1999999999998	0.3	{'kind': 'word', 'word': 'des'}
baobabs!	403.54999999999984	0.3	{'kind': 'word', 'word': 'baobabs'}
"""ton"	403.8999999999998	0.3	{'kind': 'word', 'word': 'ton'}
renard...	404.24999999999983	0.3	{'kind': 'word', 'word': 'renard'}
Ses	404.5999999999999	0.3	{'kind': 'word', 'word': 'Ses'}
oreilles...	404.9499999999998	0.3	{'kind': 'word', 'word': 'oreilles'}
Elles	405.29999999999984	0.3	{'kind': 'word', 'word': 'Elles'}
ressemblent	405.6499999999998	0.3	{'kind': 'word', 'word': 'ressemblent'}
un	405.99999999999983	0.3	{'kind': 'word', 'word': 'un'}
peu	406.3499999999999	0.3	{'kind': 'word', 'word': 'peu'}
à	406.6999999999998	0.3	{'kind': 'word', 'word': 'à'}
des	407.04999999999984	0.3	{'kind': 'word', 'word': 'des'}
cornes...	407.3999999999998	0.3	{'kind': 'word', 'word': 'cornes'}
Et	407.74999999999983	0.3	{'kind': 'word', 'word': 'Et'}
elles	408.0999999999999	0.3	{'kind': 'word', 'word': 'elles'}
sont	408.4499999999998	0.3	{'kind': 'word', 'word': 'sont'}
trop	408.79999999999984	0.3	{'kind': 'word', 'word': 'trop'}
"longues!"""	409.1499999999998	0.3	{'kind': 'word', 'word': 'longues'}
Et	409.49999999999983	0.3	{'kind': 'word', 'word': 'Et'}
il	409.8499999999999	0.3	{'kind': 'word', 'word': 'il'}
rit	410.1999999999998	0.3	{'kind': 'word', 'word': 'rit'}
encore.	410.54999999999984	0.3	{'kind': 'word', 'word': 'encore'}
"""tu"	410.8999999999998	0.3	{'kind': 'word', 'word': 'tu'}
es	411.24999999999983	0.3	{'kind': 'word', 'word': 'es'}
injuste,	411.5999999999999	0.3	{'kind': 'word', 'word': 'injuste'}
petit	411.9499999999998	0.3	{'kind': 'word', 'word': 'petit'}
bonhomme,	412.29999999999984	0.3	{'kind': 'word', 'word': 'bonhomme'}
je	412.6499999999998	0.3	{'kind': 'word', 'word': 'je'}
ne	412.99999999999983	0.3	{'kind': 'word', 'word': 'ne'}
savais	413.3499999999999	0.3	{'kind': 'word', 'word': 'savais'}
rien	413.6999999999998	0.3	{'kind': 'word', 'word': 'rien'}
dessiner	414.04999999999984	0.3	{'kind': 'word', 'word': 'dessiner'}
que	414.3999999999998	0.3	{'kind': 'word', 'word': 'que'}
les	414.74999999999983	0.3	{'kind': 'word', 'word': 'les'}
boas	415.0999999999999	0.3	{'kind': 'word', 'word': 'boas'}
fermés	415.4499999999998	0.3	{'kind': 'word', 'word': 'fermés'}
et	415.79999999999984	0.3	{'kind': 'word', 'word': 'et'}
les	416.1499999999998	0.3	{'kind': 'word', 'word': 'les'}
boas	416.49999999999983	0.3	{'kind': 'word', 'word': 'boas'}
ouverts.	416.8499999999999	0.3	{'kind': 'word', 'word': 'ouverts'}
-oh!	417.1999999999998	0.3	{'kind': 'word', 'word': 'oh'}
Ça	417.54999999999984	0.3	{'kind': 'word', 'word': 'Ça'}
ira,	417.8999999999998	0.3	{'kind': 'word', 'word': 'ira'}
dit-il,	418.24999999999983	0.3	{'kind': 'word', 'word': 'ditil'}
les	418.5999999999999	0.3	{'kind': 'word', 'word': 'les'}
enfants	418.9499999999998	0.3	{'kind': 'word', 'word': 'enfants'}
"savent."""	419.29999999999984	0.3	{'kind': 'word', 'word': 'savent'}
Je	419.6499999999998	0.3	{'kind': 'word', 'word': 'Je'}
crayonnai	419.99999999999983	0.3	{'kind': 'word', 'word': 'crayonnai'}
donc	420.3499999999999	0.3	{'kind': 'word', 'word': 'donc'}
une	420.6999999999998	0.3	{'kind': 'word', 'word': 'une'}
muselière.	421.04999999999984	0.3	{'kind': 'word', 'word': 'muselière'}
Et	421.3999999999998	0.3	{'kind': 'word', 'word': 'Et'}
j'eus	421.74999999999983	0.3	{'kind': 'word', 'word': 'jeus'}
le	422.0999999999999	0.3	{'kind': 'word', 'word': 'le'}
coeur	422.4499999999998	0.3	{'kind': 'word', 'word': 'coeur'}
serré	422.79999999999984	0.3	{'kind': 'word', 'word': 'serré'}
en	423.1499999999998	0.3	{'kind': 'word', 'word': 'en'}
la	423.49999999999983	0.3	{'kind': 'word', 'word': 'la'}
lui	423.8499999999999	0.3	{'kind': 'word', 'word': 'lui'}
donnant:	424.1999999999998	0.3	{'kind': 'word', 'word': 'donnant'}
"""tu"	424.54999999999984	0.3	{'kind': 'word', 'word': 'tu'}
as	424.8999999999998	0.3	{'kind': 'word', 'word': 'as'}
des	425.24999999999983	0.3	{'kind': 'word', 'word': 'des'}
projets	425.5999999999999	0.3	{'kind': 'word', 'word': 'projets'}
que	425.9499999999998	0.3	{'kind': 'word', 'word': 'que'}
"j'ignore..."""	426.29999999999984	0.3	{'kind': 'word', 'word': 'jignore'}
Mais	426.6499999999998	0.3	{'kind': 'word', 'word': 'Mais'}
il	426.99999999999983	0.3	{'kind': 'word', 'word': 'il'}
ne	427.3499999999999	0.3	{'kind': 'word', 'word': 'ne'}
me	427.6999999999998	0.3	{'kind': 'word', 'word': 'me'}
répondit	428.04999999999984	0.3	{'kind': 'word', 'word': 'répondit'}
pas.	428.3999999999998	0.3	{'kind': 'word', 'word': 'pas'}
Il	428.74999999999983	0.3	{'kind': 'word', 'word': 'Il'}
me	429.0999999999999	0.3	{'kind': 'word', 'word': 'me'}
dit:	429.4499999999998	0.3	{'kind': 'word', 'word': 'dit'}
"""tu"	429.79999999999984	0.3	{'kind': 'word', 'word': 'tu'}
sais,	430.1499999999998	0.3	{'kind': 'word', 'word': 'sais'}
ma	430.49999999999983	0.3	{'kind': 'word', 'word': 'ma'}
chute	430.8499999999999	0.3	{'kind': 'word', 'word': 'chute'}
sur	431.1999999999998	0.3	{'kind': 'word', 'word': 'sur'}
la	431.54999999999984	0.3	{'kind': 'word', 'word': 'la'}
terre...	431.8999999999998	0.3	{'kind': 'word', 'word': 'terre'}
C'en	432.24999999999983	0.3	{'kind': 'word', 'word': 'Cen'}
sera	432.5999999999999	0.3	{'kind': 'word', 'word': 'sera'}
demain	432.9499999999998	0.3	{'kind': 'word', 'word': 'demain'}
"l'anniversaire..."""	433.29999999999984	0.3	{'kind': 'word', 'word': 'lanniversaire'}
Puis,	433.6499999999998	0.3	{'kind': 'word', 'word': 'Puis'}
après	433.99999999999983	0.3	{'kind': 'word', 'word': 'après'}
un	434.3499999999998	0.3	{'kind': 'word', 'word': 'un'}
silence	434.6999999999998	0.3	{'kind': 'word', 'word': 'silence'}
il	435.04999999999984	0.3	{'kind': 'word', 'word': 'il'}
dit	435.3999999999998	0.3	{'kind': 'word', 'word': 'dit'}
encore:	435.74999999999983	0.3	{'kind': 'word', 'word': 'encore'}
"""j'étais"	436.0999999999998	0.3	{'kind': 'word', 'word': 'jétais'}
tombé	436.4499999999998	0.3	{'kind': 'word', 'word': 'tombé'}
tout	436.79999999999984	0.3	{'kind': 'word', 'word': 'tout'}
près	437.1499999999998	0.3	{'kind': 'word', 'word': 'près'}
"d'ici..."""	437.49999999999983	0.3	{'kind': 'word', 'word': 'dici'}
Et	437.8499999999998	0.3	{'kind': 'word', 'word': 'Et'}
il	438.1999999999998	0.3	{'kind': 'word', 'word': 'il'}
rougit.	438.54999999999984	0.3	{'kind': 'word', 'word': 'rougit'}
Et	438.8999999999998	0.3	{'kind': 'word', 'word': 'Et'}
de	439.24999999999983	0.3	{'kind': 'word', 'word': 'de'}
nouveau,	439.5999999999998	0.3	{'kind': 'word', 'word': 'nouveau'}
sans	439.9499999999998	0.3	{'kind': 'word', 'word': 'sans'}
comprendre	440.29999999999984	0.3	{'kind': 'word', 'word': 'comprendre'}
pourquoi,	440.6499999999998	0.3	{'kind': 'word', 'word': 'pourquoi'}
j'éprouvai	440.99999999999983	0.3	{'kind': 'word', 'word': 'jéprouvai'}
un	441.3499999999998	0.3	{'kind': 'word', 'word': 'un'}
chagrin	441.6999999999998	0.3	{'kind': 'word', 'word': 'chagrin'}
bizarre.	442.04999999999984	0.3	{'kind': 'word', 'word': 'bizarre'}
Cependant	442.3999999999998	0.3	{'kind': 'word', 'word': 'Cependant'}
une	442.74999999999983	0.3	{'kind': 'word', 'word': 'une'}
question	443.0999999999998	0.3	{'kind': 'word', 'word': 'question'}
me	443.4499999999998	0.3	{'kind': 'word', 'word': 'me'}
vint:	443.79999999999984	0.3	{'kind': 'word', 'word': 'vint'}
"""alors"	444.1499999999998	0.3	{'kind': 'word', 'word': 'alors'}
ce	444.49999999999983	0.3	{'kind': 'word', 'word': 'ce'}
n'est	444.8499999999998	0.3	{'kind': 'word', 'word': 'nest'}
pas	445.1999999999998	0.3	{'kind': 'word', 'word': 'pas'}
par	445.54999999999984	0.3	{'kind': 'word', 'word': 'par'}
hasard	445.8999999999998	0.3	{'kind': 'word', 'word': 'hasard'}
que,	446.24999999999983	0.3	{'kind': 'word', 'word': 'que'}
le	446.5999999999998	0.3	{'kind': 'word', 'word': 'le'}
matin	446.9499999999998	0.3	{'kind': 'word', 'word': 'matin'}
où	447.29999999999984	0.3	{'kind': 'word', 'word': 'où'}
je	447.6499999999998	0.3	{'kind': 'word', 'word': 'je'}
t'ai	447.99999999999983	0.3	{'kind': 'word', 'word': 'tai'}
connu,	448.3499999999998	0.3	{'kind': 'word', 'word': 'connu'}
il	448.6999999999998	0.3	{'kind': 'word', 'word': 'il'}
y	449.04999999999984	0.3	{'kind': 'word', 'word': 'y'}
a	449.3999999999998	0.3	{'kind': 'word', 'word': 'a'}
huit	449.74999999999983	0.3	{'kind': 'word', 'word': 'huit'}
jours,	450.0999999999998	0.3	{'kind': 'word', 'word': 'jours'}
tu	450.4499999999998	0.3	{'kind': 'word', 'word': 'tu'}
te	450.79999999999984	0.3	{'kind': 'word', 'word': 'te'}
promenais	451.1499999999998	0.3	{'kind': 'word', 'word': 'promenais'}
comme	451.49999999999983	0.3	{'kind': 'word', 'word': 'comme'}
ça,	451.8499999999998	0.3	{'kind': 'word', 'word': 'ça'}
tout	452.1999999999998	0.3	{'kind': 'word', 'word': 'tout'}
seul,	452.54999999999984	0.3	{'kind': 'word', 'word': 'seul'}
à	452.8999999999998	0.3	{'kind': 'word', 'word': 'à'}
mille	453.24999999999983	0.3	{'kind': 'word', 'word': 'mille'}
milles	453.5999999999998	0.3	{'kind': 'word', 'word': 'milles'}
de	453.9499999999998	0.3	{'kind': 'word', 'word': 'de'}
toutes	454.29999999999984	0.3	{'kind': 'word', 'word': 'toutes'}
les	454.6499999999998	0.3	{'kind': 'word', 'word': 'les'}
régions	454.99999999999983	0.3	{'kind': 'word', 'word': 'régions'}
habitées!	455.3499999999998	0.3	{'kind': 'word', 'word': 'habitées'}
Tu	455.6999999999998	0.3	{'kind': 'word', 'word': 'Tu'}
retournais	456.04999999999984	0.3	{'kind': 'word', 'word': 'retournais'}
vers	456.3999999999998	0.3	{'kind': 'word', 'word': 'vers'}
le	456.74999999999983	0.3	{'kind': 'word', 'word': 'le'}
point	457.0999999999998	0.3	{'kind': 'word', 'word': 'point'}
de	457.4499999999998	0.3	{'kind': 'word', 'word': 'de'}
ta	457.79999999999984	0.3	{'kind': 'word', 'word': 'ta'}
"chute?"""	458.1499999999998	0.3	{'kind': 'word', 'word': 'chute'}
Le	458.49999999999983	0.3	{'kind': 'word', 'word': 'Le'}
petit	458.8499999999998	0.3	{'kind': 'word', 'word': 'petit'}
prince	459.1999999999998	0.3	{'kind': 'word', 'word': 'prince'}
rougit	459.54999999999984	0.3	{'kind': 'word', 'word': 'rougit'}
encore.	459.8999999999998	0.3	{'kind': 'word', 'word': 'encore'}
Et	460.24999999999983	0.3	{'kind': 'word', 'word': 'Et'}
j'ajoutai,	460.5999999999998	0.3	{'kind': 'word', 'word': 'jajoutai'}
en	460.9499999999998	0.3	{'kind': 'word', 'word': 'en'}
hésitant:	461.29999999999984	0.3	{'kind': 'word', 'word': 'hésitant'}
"""à"	461.6499999999998	0.3	{'kind': 'word', 'word': 'à'}
cause,	461.99999999999983	0.3	{'kind': 'word', 'word': 'cause'}
peut-être,	462.3499999999998	0.3	{'kind': 'word', 'word': 'peutêtre'}
de	462.6999999999998	0.3	{'kind': 'word', 'word': 'de'}
"l'anniversaire?"""	463.04999999999984	0.3	{'kind': 'word', 'word': 'lanniversaire'}
Le	463.3999999999998	0.3	{'kind': 'word', 'word': 'Le'}
petit	463.74999999999983	0.3	{'kind': 'word', 'word': 'petit'}
prince	464.0999999999998	0.3	{'kind': 'word', 'word': 'prince'}
rougit	464.4499999999998	0.3	{'kind': 'word', 'word': 'rougit'}
de	464.7999999999998	0.3	{'kind': 'word', 'word': 'de'}
nouveau.	465.1499999999998	0.3	{'kind': 'word', 'word': 'nouveau'}
Il	465.49999999999983	0.3	{'kind': 'word', 'word': 'Il'}
ne	465.8499999999998	0.3	{'kind': 'word', 'word': 'ne'}
répondait	466.1999999999998	0.3	{'kind': 'word', 'word': 'répondait'}
jamais	466.5499999999998	0.3	{'kind': 'word', 'word': 'jamais'}
aux	466.8999999999998	0.3	{'kind': 'word', 'word': 'aux'}
questions,	467.24999999999983	0.3	{'kind': 'word', 'word': 'questions'}
mais,	467.5999999999998	0.3	{'kind': 'word', 'word': 'mais'}
quand	467.9499999999998	0.3	{'kind': 'word', 'word': 'quand'}
on	468.2999999999998	0.3	{'kind': 'word', 'word': 'on'}
rougit,	468.6499999999998	0.3	{'kind': 'word', 'word': 'rougit'}
ça	468.99999999999983	0.3	{'kind': 'word', 'word': 'ça'}
signifie	469.3499999999998	0.3	{'kind': 'word', 'word': 'signifie'}
"""oui"","	469.6999999999998	0.3	{'kind': 'word', 'word': 'oui'}
n'est-ce	470.0499999999998	0.3	{'kind': 'word', 'word': 'nestce'}
pas?	470.3999999999998	0.3	{'kind': 'word', 'word': 'pas'}
"""ah!"	470.74999999999983	0.3	{'kind': 'word', 'word': 'ah'}
Lui	471.0999999999998	0.3	{'kind': 'word', 'word': 'Lui'}
dis-je,	471.4499999999998	0.3	{'kind': 'word', 'word': 'disje'}
j'ai	471.7999999999998	0.3	{'kind': 'word', 'word': 'jai'}
"peur..."""	472.1499999999998	0.3	{'kind': 'word', 'word': 'peur'}
Mais	472.49999999999983	0.3	{'kind': 'word', 'word': 'Mais'}
il	472.8499999999998	0.3	{'kind': 'word', 'word': 'il'}
me	473.1999999999998	0.3	{'kind': 'word', 'word': 'me'}
répondit:	473.5499999999998	0.3	{'kind': 'word', 'word': 'répondit'}
"""tu"	473.8999999999998	0.3	{'kind': 'word', 'word': 'tu'}
dois	474.24999999999983	0.3	{'kind': 'word', 'word': 'dois'}
maintenant	474.5999999999998	0.3	{'kind': 'word', 'word': 'maintenant'}
travailler.	474.9499999999998	0.3	{'kind': 'word', 'word': 'travailler'}
Tu	475.2999999999998	0.3	{'kind': 'word', 'word': 'Tu'}
dois	475.6499999999998	0.3	{'kind': 'word', 'word': 'dois'}
repartir	475.99999999999983	0.3	{'kind': 'word', 'word': 'repartir'}
vers	476.3499999999998	0.3	{'kind': 'word', 'word': 'vers'}
ta	476.6999999999998	0.3	{'kind': 'word', 'word': 'ta'}
machine.	477.0499999999998	0.3	{'kind': 'word', 'word': 'machine'}
Je	477.3999999999998	0.3	{'kind': 'word', 'word': 'Je'}
t'attends	477.74999999999983	0.3	{'kind': 'word', 'word': 'tattends'}
ici.	478.0999999999998	0.3	{'kind': 'word', 'word': 'ici'}
Reviens	478.4499999999998	0.3	{'kind': 'word', 'word': 'Reviens'}
demain	478.7999999999998	0.3	{'kind': 'word', 'word': 'demain'}
"soir..."""	479.1499999999998	0.3	{'kind': 'word', 'word': 'soir'}
Mais	479.49999999999983	0.3	{'kind': 'word', 'word': 'Mais'}
je	479.8499999999998	0.3	{'kind': 'word', 'word': 'je'}
n'étais	480.1999999999998	0.3	{'kind': 'word', 'word': 'nétais'}
pas	480.5499999999998	0.3	{'kind': 'word', 'word': 'pas'}
rassuré.	480.8999999999998	0.3	{'kind': 'word', 'word': 'rassuré'}
Je	481.24999999999983	0.3	{'kind': 'word', 'word': 'Je'}
me	481.5999999999998	0.3	{'kind': 'word', 'word': 'me'}
souvenais	481.9499999999998	0.3	{'kind': 'word', 'word': 'souvenais'}
du	482.2999999999998	0.3	{'kind': 'word', 'word': 'du'}
renard.	482.6499999999998	0.3	{'kind': 'word', 'word': 'renard'}
On	482.99999999999983	0.3	{'kind': 'word', 'word': 'On'}
risque	483.3499999999998	0.3	{'kind': 'word', 'word': 'risque'}
de	483.6999999999998	0.3	{'kind': 'word', 'word': 'de'}
pleurer	484.0499999999998	0.3	{'kind': 'word', 'word': 'pleurer'}
un	484.3999999999998	0.3	{'kind': 'word', 'word': 'un'}
peu	484.74999999999983	0.3	{'kind': 'word', 'word': 'peu'}
si	485.0999999999998	0.3	{'kind': 'word', 'word': 'si'}
l'on	485.4499999999998	0.3	{'kind': 'word', 'word': 'lon'}
s'est	485.7999999999998	0.3	{'kind': 'word', 'word': 'sest'}
laissé	486.1499999999998	0.3	{'kind': 'word', 'word': 'laissé'}
apprivoiser...	486.49999999999983	0.3	{'kind': 'word', 'word': 'apprivoiser'}
